code,name,type
001117,中欧精选灵活配置定开混合A,主动偏股型
001300,大成睿景灵活配置混合A,主动偏股型
001384,东方新思路灵活配置混合A,主动偏股型
002345,华夏高端制造灵活配置混合,主动偏股型
002107,广发安富回报灵活配置混合A,主动偏股型
519172,浦银安盛睿智精选灵活混合A,主动偏股型
001741,广发百发大数据策略精选灵活A,主动偏股型
001437,易方达瑞享灵活配置混合I,主动偏股型
001927,华夏消费升级灵活配置混合A,主动偏股型
000739,平安大华新鑫先锋混合A,主动偏股型
001456,华泰中国制造2025灵活混合A,主动偏股型
519957,长信睿进灵活配置混合A,主动偏股型
001508,富国新动力灵活配置混合A,主动偏股型
519156,新华行业轮换灵活配置混合A,主动偏股型
340008,兴全有机增长,主动偏股型
630005,华商阿尔法,主动偏股型
590003,中邮优势,主动偏股型
590006,中邮中小盘,主动偏股型
213001,宝盈鸿利收益灵活配置混合,主动偏股型
519697,交银行业,主动偏股型
410007,华富价值增长,主动偏股型
040015,华安动态,主动偏股型
519091,新华泛资源,主动偏股型
001683,华夏新经济灵活配置混合,主动偏股型
001417,汇添富医疗服务灵活配置混合,主动偏股型
001373,易方达新丝路灵活配置混合,主动偏股型
001227,中邮信息产业灵活配置混合,主动偏股型
110010,易方达价值成长,主动偏股型
001184,易方达新常态灵活配置混合,主动偏股型
050001,博时增长,主动偏股型
501015,财通多策略升级混合,主动偏股型
001112,东方红中国优势灵活配置混合,主动偏股型
000654,华商新锐产业,主动偏股型
001340,华泰惠利灵活配置混合A,主动偏股型
001225,中邮趋势精选灵活配置混合,主动偏股型
000698,宝盈科技30,主动偏股型
090001,大成价值,主动偏股型
001075,宝盈转型动力灵活配置混合,主动偏股型
000603,易方达创新驱动灵活配置混合,主动偏股型
001150,融通互联网传媒灵活配置混合,主动偏股型
000545,中邮核心竞争力混合,主动偏股型
000574,宝盈新价值混合,主动偏股型
001837,前海开源沪港深蓝筹精选灵活混合,主动偏股型
000870,嘉实新收益,主动偏股型
001128,宝盈新兴产业灵活配置混合,主动偏股型
519170,浦银安盛增长动力灵活混合,主动偏股型
001371,富国沪港深价值精选灵活混合,主动偏股型
001181,南方改革机遇灵活配置混合,主动偏股型
630011,华商主题精选混合,主动偏股型
000880,富国研究精选,主动偏股型
040004,华安配置,主动偏股型
519003,海富通收益,主动偏股型
000477,广发主题领先,主动偏股型
001071,华安媒体互联网混合,主动偏股型
001127,中银宏观策略灵活配置混合,主动偏股型
169101,东方红睿丰灵活,主动偏股型
213006,宝盈核心优势混合A,主动偏股型
001924,华夏国企改革灵活配置混合,主动偏股型
050201,博时增长2,主动偏股型
519171,浦银安盛医疗健康灵活混合,主动偏股型
519029,华夏增长,主动偏股型
001037,国投锐意改革灵活配置混合,主动偏股型
000480,东方红新动力灵活配置,主动偏股型
001471,融通新能源灵活配置混合,主动偏股型
001220,民生研究精选灵活配置混合,主动偏股型
213002,宝盈泛沿海区域增长混合,主动偏股型
000595,嘉实泰和混合,主动偏股型
001255,长城改革红利灵活配置混合,主动偏股型
000541,华商创新成长,主动偏股型
519756,交银国企改革灵活配置混合,主动偏股型
420001,天弘精选,主动偏股型
162209,泰达市值,主动偏股型
001103,前海开源工业革命4.0灵活混合,主动偏股型
001106,华商健康生活灵活配置混合,主动偏股型
001457,华商新常态灵活配置混合,主动偏股型
150103,银河银泰,主动偏股型
002989,融通通乾研究精选灵活混合,主动偏股型
519120,浦银新兴产业,主动偏股型
000404,易方达新兴成长灵活配置混合,主动偏股型
001152,融通新区域新经济灵活混合,主动偏股型
001170,泰达宏利复兴伟业灵活混合,主动偏股型
630008,华商策略,主动偏股型
001210,天弘互联网灵活配置混合,主动偏股型
001102,前海开源国家比较优势灵活混合,主动偏股型
000805,中银新经济,主动偏股型
001398,华泰健康生活灵活配置混合,主动偏股型
001018,易方达新经济灵活配置混合,主动偏股型
000970,东方红睿元三年定开灵活混合,主动偏股型
000924,宝盈先进制造,主动偏股型
519991,长信双利,主动偏股型
400001,东方龙,主动偏股型
002577,南方新兴龙头灵活配置混合,主动偏股型
519113,浦银生活,主动偏股型
001069,华泰消费成长灵活配置混合,主动偏股型
001564,东方红京东大数据灵活混合,主动偏股型
121002,国投景气,主动偏股型
000652,博时裕隆混合,主动偏股型
161605,融通成长,主动偏股型
002223,中邮尊享1年定开灵活混合,主动偏股型
001297,平安大华智慧中国灵活混合,主动偏股型
001480,财通成长优选混合,主动偏股型
519191,万家新利灵活配置混合,主动偏股型
001060,前海开源高端装备制造灵活混合,主动偏股型
720001,财通价值,主动偏股型
000969,前海开源大安全核心精选灵活混合,主动偏股型
000279,华商红利优选,主动偏股型
519959,长信多利灵活配置混合,主动偏股型
000567,广发聚祥灵活混合,主动偏股型
000619,东方红产业升级混合,主动偏股型
000993,华宝稳健回报灵活配置混合,主动偏股型
519918,华夏兴和混合,主动偏股型
630016,华商价值共享,主动偏股型
000963,兴业多策略灵活配置混合,主动偏股型
001540,浙商汇金转型驱动灵活混合,主动偏股型
000663,国投美丽中国混合,主动偏股型
001366,金鹰产业整合灵活配置混合,主动偏股型
100016,富国天源沪港深平衡混合,主动偏股型
000462,农银汇理主题轮动灵活混合,主动偏股型
519909,华安安顺灵活配置混合,主动偏股型
000529,广发竞争优势混合,主动偏股型
000794,宝盈睿丰创新A/B,主动偏股型
169102,东方红睿阳灵活配置混合,主动偏股型
001518,万家瑞兴灵活配置混合,主动偏股型
001838,国投国家安全灵活配置混合,主动偏股型
001294,新华战略新兴产业灵活混合,主动偏股型
001449,华商双驱优选灵活配置混合,主动偏股型
002252,融通成长30灵活配置混合,主动偏股型
000039,农银汇理低估值高增长混合,主动偏股型
001983,中邮低碳经济灵活配置混合,主动偏股型
000878,中海医药健康A,主动偏股型
001985,富国低碳新经济混合,主动偏股型
001822,华商智能生活灵活配置混合,主动偏股型
001534,华宝万物互联灵活配置混合,主动偏股型
168101,九泰锐智定增灵活配置混合,主动偏股型
162204,泰达宏利行业精选混合,主动偏股型
001222,鹏华外延成长灵活配置混合,主动偏股型
002653,泰康沪港深精选灵活配置混合,主动偏股型
001004,新华稳健回报灵活配置混合,主动偏股型
001810,中欧潜力价值灵活配置混合,主动偏股型
001712,东方红优势精选灵活配置混合,主动偏股型
270022,广发内需增长,主动偏股型
001279,中海积极增利灵活配置混合,主动偏股型
001030,天弘云端生活优选灵活混合,主动偏股型
001681,新华积极价值灵活配置混合,主动偏股型
000587,大成灵活配置混合,主动偏股型
000336,农银研究精选,主动偏股型
000939,中银研究精选,主动偏股型
110012,易方达科汇,主动偏股型
001479,中邮风格轮动灵活配置混合,主动偏股型
000566,华泰柏瑞创新升级,主动偏股型
160624,鹏华消费领先混合,主动偏股型
000966,中邮核心科技创新灵活混合,主动偏股型
000634,富国天盛,主动偏股型
000554,南方中国梦,主动偏股型
001959,华商乐享互联灵活配置混合,主动偏股型
002443,前海开源沪港深龙头精选灵活混合,主动偏股型
002132,广发鑫享灵活配置混合,主动偏股型
160627,鹏华策略优选混合,主动偏股型
000264,博时内需增长混合,主动偏股型
660015,农银汇理行业轮动混合,主动偏股型
001694,华安沪港深外延增长灵活混合,主动偏股型
001730,华福大健康灵活配置混合,主动偏股型
001569,泰信国策驱动灵活配置混合,主动偏股型
519710,交银策略回报灵活配置混合,主动偏股型
001623,兴业国企改革灵活配置混合,主动偏股型
163807,中银优选,主动偏股型
163809,中银蓝筹混合,主动偏股型
233008,大摩消费,主动偏股型
001179,德邦大健康灵活配置混合,主动偏股型
001861,富安达健康人生灵活配置混合,主动偏股型
000520,上银新兴价值成长混合,主动偏股型
180020,银华成长,主动偏股型
001740,光大中国制造2025灵活混合,主动偏股型
001662,创金合信沪港深研究精选灵活混合,主动偏股型
519133,海富通改革驱动灵活配置混合,主动偏股型
000935,浙商汇金转型,主动偏股型
000757,华富智慧城市,主动偏股型
001365,大成正向回报灵活配置混合,主动偏股型
001339,华福鼎新灵活配置混合,主动偏股型
519767,交银科技创新灵活配置混合,主动偏股型
000029,富国宏观策略,主动偏股型
000259,农银区间收益,主动偏股型
519125,浦银消费A,主动偏股型
000423,前海开源事件驱动混合A,主动偏股型
000967,华泰创新动力灵活配置混合,主动偏股型
400025,东方新兴成长,主动偏股型
690001,民生品牌蓝筹,主动偏股型
000690,前海大海洋,主动偏股型
000219,博时裕益混合,主动偏股型
002182,东兴蓝海财富灵活配置混合,主动偏股型
002251,华夏军工安全灵活配置混合,主动偏股型
519165,新华鑫利,主动偏股型
000727,融通健康产业,主动偏股型
080002,长盛创新,主动偏股型
002376,国寿安保核心产业灵活混合,主动偏股型
001606,农银汇理工业4.0灵活混合,主动偏股型
001267,泰达宏利蓝筹价值混合,主动偏股型
001487,宝盈优势产业灵活配置混合,主动偏股型
002189,农银汇理国企改革灵活混合,主动偏股型
001753,红土创新新兴产业灵活混合,主动偏股型
519126,浦银新经济,主动偏股型
398031,中海蓝筹,主动偏股型
002692,富国创新科技混合,主动偏股型
519132,海富通东财大数据灵活混合,主动偏股型
002259,鹏华健康环保灵活配置混合,主动偏股型
001723,华商新动力灵活配置混合,主动偏股型
000601,华宝创新优选混合,主动偏股型
000717,融通转型三动力,主动偏股型
166301,华商500(母),主动偏股型
001972,前海沪港深智慧生活优选灵活混合,主动偏股型
001830,融通跨界成长灵活配置混合,主动偏股型
002124,广发新兴产业精选灵活混合,主动偏股型
580005,东吴进取策略,主动偏股型
001563,华富健康文娱灵活配置混合,主动偏股型
001955,中欧养老产业混合,主动偏股型
000458,英大领先回报,主动偏股型
519195,万家品质生活灵活配置混合,主动偏股型
000433,安信鑫发优选混合,主动偏股型
519727,交银成长30混合,主动偏股型
001827,富国研究优选沪港深灵活混合,主动偏股型
000755,富安达新兴成长,主动偏股型
690011,民生加银积极成长发起式,主动偏股型
200011,长城景气,主动偏股型
519678,银河消费驱动混合,主动偏股型
410009,华富量子生命力混合,主动偏股型
001005,中海合鑫灵活配置混合,主动偏股型
450010,国富策略,主动偏股型
750001,安信灵活配置混合,主动偏股型
001348,大摩新机遇灵活配置混合,主动偏股型
001864,中海魅力长三角灵活配置混合,主动偏股型
002214,中海沪港深价值优选灵活混合,主动偏股型
002465,东兴众智优选灵活配置混合,主动偏股型
519196,万家新兴蓝筹灵活配置混合,主动偏股型
002250,红土创新改革红利灵活混合,主动偏股型
001682,新华鑫回报混合,主动偏股型
571002,诺德主题,主动偏股型
090020,大成健康产业混合,主动偏股型
001702,东方创新科技混合,主动偏股型
350005,天治中国制造2025灵活混合,主动偏股型
350002,天治低碳经济灵活配置混合,主动偏股型
162211,泰达品质,主动偏股型
002256,金信新能源汽车灵活配置混合,主动偏股型
350007,天治趋势精选,主动偏股型
000822,东海美丽中国,主动偏股型
400015,东方增长,主动偏股型
410006,华富策略,主动偏股型
001701,中融产业升级灵活配置混合,主动偏股型
000986,中原英石灵活配置混合,主动偏股型
519983,长信量化先锋混合,主动偏股型
001017,泰达改革动力量化策略灵活混合,主动偏股型
001074,华泰量化驱动灵活配置混合,主动偏股型
630015,华商大盘量化,主动偏股型
000609,华商新量化,主动偏股型
001244,华泰量化智慧灵活配置混合,主动偏股型
000877,华泰量化优选,主动偏股型
001897,九泰久盛量化先锋灵活混合,主动偏股型
002263,泰达同顺大数据量化优选灵活混合,主动偏股型
001754,永赢量化灵活配置混合,主动偏股型
002561,东吴安鑫量化灵活配置混合,主动偏股型
400018,东方启明量化先锋混合,主动偏股型
002387,工银沪港深股票,主动偏股型
001764,广发沪港深新机遇股票,主动偏股型
450009,国富小盘,主动偏股型
001878,嘉实沪港深精选股票,主动偏股型
001663,中银互联网+股票,主动偏股型
001849,前海强势共识100强等权重股票,主动偏股型
590008,中邮战略新兴产业混合,主动偏股型
100056,富国环保,主动偏股型
110029,易方达科讯混合,主动偏股型
340007,兴全社会,主动偏股型
630002,华商盛世成长混合,主动偏股型
000945,华夏医疗健康混合A,主动偏股型
320003,诺安先锋混合,主动偏股型
270025,广发行业领先混合,主动偏股型
161005,富国天惠,主动偏股型
001000,中欧明睿新起点混合,主动偏股型
213003,宝盈策略增长混合,主动偏股型
630010,华商价值精选混合,主动偏股型
070099,嘉实优质企业混合,主动偏股型
240010,华宝行业精选混合,主动偏股型
519688,交银精选混合,主动偏股型
000173,汇添富美丽30混合,主动偏股型
161601,融通新蓝筹,主动偏股型
257020,国联安德盛精选混合,主动偏股型
163803,中银持续增长混合A,主动偏股型
260109,景顺内需增长贰号混合,主动偏股型
162605,景顺鼎益混合,主动偏股型
000550,广发新动力混合,主动偏股型
163415,兴全商业模式优选混合,主动偏股型
519008,添富优势,主动偏股型
710001,富安达优势成长混合,主动偏股型
320001,诺安平衡,主动偏股型
398001,中海成长,主动偏股型
001144,大成互联网思维混合,主动偏股型
270008,广发核心精选混合,主动偏股型
180013,银华领先策略混合,主动偏股型
290002,泰信策略,主动偏股型
260104,景顺内需增长混合,主动偏股型
260108,景顺新兴成长混合,主动偏股型
519702,交银趋势优先混合,主动偏股型
519736,交银新成长混合,主动偏股型
481010,工银中小盘成长混合,主动偏股型
020026,国泰成长优选混合,主动偏股型
240020,华宝医药生物优选混合,主动偏股型
450004,国富深化价值混合,主动偏股型
206002,鹏华精选,主动偏股型
206007,鹏华消费,主动偏股型
400032,东方主题精选混合,主动偏股型
320012,诺安主题精选混合,主动偏股型
460007,华泰柏瑞行业领先混合,主动偏股型
740001,长安宏观策略混合,主动偏股型
001811,中欧明睿新常态混合,主动偏股型
000339,长城医疗保健混合,主动偏股型
690007,民生景气行业混合,主动偏股型
519672,银河蓝筹精选混合,主动偏股型
000308,建信创新中国混合,主动偏股型
002174,东方互联网嘉混合,主动偏股型
080015,长盛中小盘精选混合,主动偏股型
730001,方正富邦创新动力混合,主动偏股型
002173,东方大健康混合,主动偏股型
350008,天治新消费灵活配置混合,主动偏股型
001409,工银互联网加股票,主动偏股型
001048,富国新兴产业股票,主动偏股型
000893,工银创新动力,主动偏股型
000711,嘉实医疗保健,主动偏股型
001163,银华中国梦30股票,主动偏股型
001171,工银养老产业股票,主动偏股型
540010,汇丰科技,主动偏股型
001736,圆信永丰优加生活股票,主动偏股型
519606,国泰金鑫,主动偏股型
001692,南方国策动力股票,主动偏股型
000729,建信中小盘,主动偏股型
000854,鹏华养老产业,主动偏股型
000751,嘉实新兴产业,主动偏股型
000756,建信潜力新蓝筹,主动偏股型
001781,建信现代服务业股票,主动偏股型
001223,鹏华文化传媒娱乐股票,主动偏股型
001410,信达澳银新能源产业股票,主动偏股型
001605,富兰克林国海沪港深成长精选股票,主动偏股型
001583,安信新常态沪港深精选股票,主动偏股型
500058,基金银丰,主动偏股型
202005,南方成份精选混合,主动偏股型
050004,博时精选混合,主动偏股型
166005,中欧价值发现混合A,主动偏股型
240005,华宝增长,主动偏股型
110011,易方达中小盘混合,主动偏股型
162607,景顺资源垄断混合,主动偏股型
288001,华夏经典混合,主动偏股型
460005,华泰柏瑞价值增长混合,主动偏股型
519996,长信银利精选混合,主动偏股型
163805,中银动态策略混合,主动偏股型
420003,天弘永定价值成长混合,主动偏股型
519185,万家精选混合,主动偏股型
161903,万家行业优选混合,主动偏股型
481008,工银大盘蓝筹混合,主动偏股型
050010,博时特许价值混合A,主动偏股型
240022,华宝资源优选混合,主动偏股型
040011,华安核心优选混合,主动偏股型
090011,大成核心双动力混合,主动偏股型
000021,华夏优势增长混合,主动偏股型
163412,兴全轻资产混合,主动偏股型
519001,银华核心价值优选混合,主动偏股型
519068,汇添富成长焦点混合,主动偏股型
163406,兴全合润(母),主动偏股型
481001,工银核心价值混合A,主动偏股型
160311,华夏蓝筹,主动偏股型
001256,泓德优选成长混合,主动偏股型
166001,中欧新趋势混合A,主动偏股型
200008,长城品牌优选混合,主动偏股型
040008,华安策略优选混合,主动偏股型
090003,大成稳健,主动偏股型
519692,交银成长混合A,主动偏股型
288002,华夏收入混合,主动偏股型
160314,华夏行业精选混合,主动偏股型
260110,景顺精选蓝筹混合,主动偏股型
100020,富国天益价值混合,主动偏股型
519011,海富通精选,主动偏股型
070027,嘉实周期优选混合,主动偏股型
020001,国泰金鹰增长混合,主动偏股型
519694,交银蓝筹混合,主动偏股型
320005,诺安价值增长混合,主动偏股型
450002,国富弹性市值混合,主动偏股型
040007,华安中小盘成长混合,主动偏股型
040005,华安宏利混合,主动偏股型
519994,长信金利趋势混合,主动偏股型
260116,景顺核心竞争力混合A,主动偏股型
000031,华夏复兴混合,主动偏股型
166006,中欧行业成长混合A,主动偏股型
166009,中欧新动力混合A,主动偏股型
160607,鹏华价值优势混合,主动偏股型
000011,华夏精选,主动偏股型
481004,工银稳健成长混合A,主动偏股型
162703,广发小盘成长混合,主动偏股型
460001,华泰柏瑞盛世中国混合,主动偏股型
360005,光大红利混合,主动偏股型
257010,国联安小盘,主动偏股型
519019,大成景阳领先混合,主动偏股型
240008,华宝收益,主动偏股型
020010,国泰金牛创新成长混合,主动偏股型
519021,国泰金鼎,主动偏股型
519181,万家和谐,主动偏股型
398021,中海能源,主动偏股型
450003,国富潜力组合混合A,主动偏股型
161609,融通动力先锋混合,主动偏股型
160215,国泰价值经典混合,主动偏股型
121003,国投核心企业混合,主动偏股型
519017,大成积极成长混合,主动偏股型
163409,兴全绿色投资混合,主动偏股型
530001,建信恒久价值混合,主动偏股型
161706,招商优质成长混合,主动偏股型
160105,南方积极配置混合,主动偏股型
470098,汇添富逆向投资混合,主动偏股型
270021,广发聚瑞混合,主动偏股型
519005,海富通股票混合,主动偏股型
570001,诺德价值优势混合,主动偏股型
217010,招商大盘蓝筹混合,主动偏股型
360012,光大中小盘混合,主动偏股型
080001,长盛成长,主动偏股型
161810,银华内需精选混合,主动偏股型
070032,嘉实优化红利混合,主动偏股型
530006,建信核心精选混合,主动偏股型
163503,天治核心,主动偏股型
519015,海富精选2,主动偏股型
519150,新华优选消费混合,主动偏股型
481006,工银红利混合,主动偏股型
540002,汇丰晋信龙腾混合,主动偏股型
530011,建信内生动力混合,主动偏股型
519093,新华钻石品质企业混合,主动偏股型
121008,国投成长优选混合,主动偏股型
700001,平安大华行业先锋混合,主动偏股型
000020,景顺品质投资混合,主动偏股型
519097,新华中小市值优选混合,主动偏股型
161611,融通内需驱动混合,主动偏股型
270050,广发新经济混合,主动偏股型
660006,农银汇理大盘蓝筹混合,主动偏股型
360006,光大新增长混合,主动偏股型
040016,华安行业轮动混合,主动偏股型
020015,国泰区位优势混合,主动偏股型
519026,海富通中小盘混合,主动偏股型
519712,交银阿尔法核心混合,主动偏股型
002340,富国价值优势混合,主动偏股型
310388,申万菱信消费增长混合,主动偏股型
240011,华宝大盘精选混合,主动偏股型
162203,泰达宏利价值优化型稳定行业混合,主动偏股型
160613,鹏华盛世创新混合,主动偏股型
090013,大成竞争优势混合,主动偏股型
165508,信诚深度价值混合,主动偏股型
000120,中银美丽中国混合,主动偏股型
570006,诺德中小盘混合,主动偏股型
002305,光大风格轮动混合,主动偏股型
530019,建信社会责任混合,主动偏股型
620005,金元顺安核心动力混合,主动偏股型
233015,大摩量化配置混合,主动偏股型
460009,华泰柏瑞量化先行混合,主动偏股型
481017,工银基本面量化策略混合,主动偏股型
398041,中海量化策略混合,主动偏股型
540006,汇丰大盘A,主动偏股型
000916,前海股息率100,主动偏股型
001208,诺安低碳经济股票,主动偏股型
001542,国泰互联网+股票,主动偏股型
001097,华泰积极优选股票,主动偏股型
000884,民生优选股票,主动偏股型
001651,工银新蓝筹股票,主动偏股型
001677,中银战略新兴产业股票,主动偏股型
165310,建信双利策略主题(母),主动偏股型
002334,汇丰晋信大盘波动精选股票A,主动偏股型
000803,工银研究精选,主动偏股型
001718,工银物流产业股票,主动偏股型
001166,建信环保产业股票,主动偏股型
340006,兴全全球,主动偏股型
001476,中银智能制造股票,主动偏股型
001036,嘉实企业变革股票,主动偏股型
001039,嘉实先进制造股票,主动偏股型
001188,鹏华改革红利股票,主动偏股型
000985,嘉实逆向策略股票,主动偏股型
001044,嘉实新消费股票,主动偏股型
001054,工银新金融股票,主动偏股型
320022,诺安研究精选股票,主动偏股型
001070,建信信息产业股票,主动偏股型
001672,国寿安保智慧生活股票,主动偏股型
000409,鹏华环保产业股票,主动偏股型
000082,嘉实研究阿尔法股票,主动偏股型
001577,嘉实低价策略股票,主动偏股型
001193,中金消费升级股票,主动偏股型
000592,建信改革红利股票,主动偏股型
000867,华宝品质生活股票,主动偏股型
160127,南方新兴消费增长(母),主动偏股型
001643,汇丰晋信智造先锋股票A,主动偏股型
001714,工银文体产业股票,主动偏股型
540009,汇丰红利,主动偏股型
000577,安信价值精选股票,主动偏股型
001473,建信大安全战略精选股票,主动偏股型
540007,汇丰中小盘,主动偏股型
001938,中欧时代先锋股票,主动偏股型
001528,诺安先进制造股票,主动偏股型
206012,鹏华价值精选,主动偏股型
001162,前海开源优势蓝筹股票A,主动偏股型
519714,交银消费新驱动股票,主动偏股型
184721,基金丰和,主动偏股型
070017,嘉实量化阿尔法混合,主动偏股型
000646,华润医疗保健量化混合,主动偏股型
519698,交银先锋混合,主动偏股型
240009,华宝先进成长混合,主动偏股型
257070,国联安优选行业混合,主动偏股型
398011,中海红利,主动偏股型
162214,泰达中小盘,主动偏股型
700003,平安大华策略先锋混合,主动偏股型
257040,国联安德盛红利混合,主动偏股型
420005,天弘周期策略混合,主动偏股型
519115,浦银安盛红利精选混合,主动偏股型
320016,诺安多策略混合,主动偏股型
000522,华润信息传媒科技混合,主动偏股型
590002,中邮核心成长混合,主动偏股型
519018,汇添富均衡增长混合,主动偏股型
001475,易方达国防军工混合,主动偏股型
213008,宝盈资源优选混合,主动偏股型
070011,嘉实策略,主动偏股型
161610,融通领先成长混合,主动偏股型
270006,广发优选,主动偏股型
050009,博时新兴成长混合,主动偏股型
470028,汇添富社会责任混合,主动偏股型
400003,东方精选,主动偏股型
160211,国泰中小盘成长混合,主动偏股型
070022,嘉实领先成长混合,主动偏股型
160910,大成创新,主动偏股型
050008,博时第三产业成长混合,主动偏股型
000124,华宝服务优选混合,主动偏股型
000061,华夏盛世精选混合,主动偏股型
519670,银河行业优选混合,主动偏股型
160212,国泰估值优势混合,主动偏股型
481015,工银主题策略混合,主动偏股型
001088,华宝国策导向混合,主动偏股型
550002,信诚精萃成长混合,主动偏股型
110002,易方达策略成长,主动偏股型
020005,国泰回报,主动偏股型
202009,南方盛元红利混合,主动偏股型
000263,工银信息产业混合,主动偏股型
200006,长城消费增值混合,主动偏股型
160611,鹏华优质治理,主动偏股型
000940,富国中小盘精选混合,主动偏股型
112002,易方达策略二号,主动偏股型
000117,广发轮动配置混合,主动偏股型
160605,鹏华50,主动偏股型
000127,农银汇理行业领先混合,主动偏股型
206009,鹏华产业,主动偏股型
000612,华宝生态中国混合,主动偏股型
270028,广发制造业精选混合,主动偏股型
519979,长信内需成长混合,主动偏股型
290004,泰信优质生活混合,主动偏股型
162201,泰达宏利价值优化型成长行业混合,主动偏股型
320007,诺安成长混合,主动偏股型
240017,华宝新兴产业混合,主动偏股型
070021,嘉实主题新动力混合,主动偏股型
217001,招商安泰偏股混合,主动偏股型
580001,东吴嘉禾,主动偏股型
090015,大成内需增长混合A,主动偏股型
400007,东方策略成长混合,主动偏股型
100060,富国高新技术产业混合,主动偏股型
580003,东吴行业轮动混合,主动偏股型
160918,大成中小盘混合,主动偏股型
519089,新华优选成长混合,主动偏股型
163822,中银主题策略混合,主动偏股型
660004,农银策略价值,主动偏股型
519674,银河创新成长混合,主动偏股型
257030,国联安德盛优势混合,主动偏股型
000532,景顺优势企业混合,主动偏股型
290006,泰信蓝筹精选混合,主动偏股型
610006,信达澳银产业升级混合,主动偏股型
200015,长城优化升级混合,主动偏股型
630006,华商产业升级混合,主动偏股型
257050,国联安主题驱动混合,主动偏股型
290011,泰信中小盘精选混合,主动偏股型
217013,招商中小盘精选混合,主动偏股型
550008,信诚优胜精选混合,主动偏股型
690005,民生内需增长混合,主动偏股型
210008,金鹰策略配置混合,主动偏股型
660010,农银汇理策略精选混合,主动偏股型
000294,华安生态优先混合,主动偏股型
519099,新华灵活主题混合,主动偏股型
610007,信达澳银消费优选混合,主动偏股型
610004,信达澳银中小盘混合,主动偏股型
580008,东吴新产业精选混合,主动偏股型
610005,信达澳银红利回报混合,主动偏股型
450011,国富研究精选混合,主动偏股型
690004,民生稳健成长混合,主动偏股型
360016,光大行业轮动混合,主动偏股型
260117,景顺支柱产业混合,主动偏股型
550009,信诚中小盘混合,主动偏股型
000432,中银优秀企业混合,主动偏股型
260111,景顺公司治理混合,主动偏股型
000209,信诚新兴产业混合,主动偏股型
730002,方正富邦红利精选混合,主动偏股型
000411,景顺优质成长基金,主动偏股型
001628,招商体育文化休闲股票,主动偏股型
001956,国联安科技动力股票,主动偏股型
001416,嘉实事件驱动股票,主动偏股型
000697,汇添富移动互联,主动偏股型
000471,富国城镇发展,主动偏股型
000955,南方产业活力股票,主动偏股型
000996,中银新动力股票,主动偏股型
001404,招商移动互联网产业股票,主动偏股型
000780,鹏华医疗保健,主动偏股型
001230,鹏华医药科技股票,主动偏股型
001396,建信互联网+产业升级股票,主动偏股型
001616,嘉实环保低碳股票,主动偏股型
000960,招商医药健康产业股票,主动偏股型
001541,汇添富民营新动力股票,主动偏股型
001167,金鹰科技创新股票,主动偏股型
001105,信达澳银转型创新股票,主动偏股型
519673,银河康乐股票,主动偏股型
000746,招商行业精选,主动偏股型
000971,诺安新经济股票,主动偏股型
540008,汇丰先锋,主动偏股型
001496,工银聚焦30股票,主动偏股型
000549,华安大国新经济股票,主动偏股型
001915,宝盈医疗健康沪港深股票,主动偏股型
001645,国泰大健康股票,主动偏股型
001877,宝盈国家安全战略沪港深股票,主动偏股型
001717,工银前沿医疗股票,主动偏股型
000688,景顺研究精选,主动偏股型
500056,基金科瑞,主动偏股型
210009,金鹰核心资源混合,主动偏股型
590005,中邮核心主题混合,主动偏股型
160603,鹏华收益,主动偏股型
229002,泰达宏利逆向策略混合,主动偏股型
210004,金鹰稳健成长混合,主动偏股型
210005,金鹰主题优势混合,主动偏股型
162212,泰达宏利红利先锋混合,主动偏股型
001349,富国改革动力混合,主动偏股型
166011,中欧盛世成长混合A,主动偏股型
233009,大摩策略,主动偏股型
590001,中邮核心优选混合,主动偏股型
040035,华安逆向策略混合,主动偏股型
001118,华宝事件驱动混合,主动偏股型
110013,易方达科翔混合,主动偏股型
100026,富国天合稳健优选混合,主动偏股型
110009,易方达价值精选混合,主动偏股型
360007,光大优势配置混合,主动偏股型
110005,易方达积极成长,主动偏股型
100022,富国天瑞,主动偏股型
240004,华宝动力组合混合,主动偏股型
160106,南方高增长混合,主动偏股型
180031,银华中小盘精选混合,主动偏股型
001076,易方达改革红利混合,主动偏股型
660005,农银汇理中小盘混合,主动偏股型
470008,汇添富策略回报混合,主动偏股型
519704,交银先进制造混合,主动偏股型
161606,融通景气,主动偏股型
260101,景顺优选混合,主动偏股型
519993,长信增利动态策略混合,主动偏股型
519679,银河主题策略混合,主动偏股型
121005,国投创新动力混合,主动偏股型
200010,长城双动力混合,主动偏股型
310358,申万新经济,主动偏股型
162006,长城久富核心成长混合,主动偏股型
202011,南方优选价值混合A,主动偏股型
160512,博时卓越品牌混合,主动偏股型
410003,华富成长趋势混合,主动偏股型
688888,浙商聚潮产业成长混合,主动偏股型
163302,大摩资源,主动偏股型
233007,大摩成长,主动偏股型
040025,华安科技动力混合,主动偏股型
160916,大成优选混合,主动偏股型
202019,南方策略优化混合,主动偏股型
410001,华富竞争力,主动偏股型
110015,易方达行业领先企业混合,主动偏股型
165313,建信优势动力混合,主动偏股型
233011,大摩主题优选混合,主动偏股型
233006,大摩领先优势混合,主动偏股型
070019,嘉实价值优势混合,主动偏股型
519664,银河美丽优萃混合A,主动偏股型
580002,东吴价值成长双动力混合,主动偏股型
166801,浙商新思维,主动偏股型
519002,华安安信消费服务混合,主动偏股型
000965,汇丰晋信新动力混合,主动偏股型
050014,博时创业成长混合A,主动偏股型
519668,银河竞争优势成长混合,主动偏股型
519033,海富通国策导向混合,主动偏股型
570008,诺德周期策略混合,主动偏股型
162202,泰达宏利价值优化型周期行业混合,主动偏股型
550003,信诚盛世蓝筹混合,主动偏股型
210003,金鹰行业优势混合,主动偏股型
090009,大成行业轮动混合,主动偏股型
360010,光大均衡精选混合,主动偏股型
519095,新华行业周期轮换混合,主动偏股型
090018,大成新锐产业混合,主动偏股型
450007,国富成长动力混合,主动偏股型
200012,长城中小盘成长混合,主动偏股型
570007,诺德优选30混合,主动偏股型
163818,中银中小盘成长混合,主动偏股型
519987,长信恒利优势混合,主动偏股型
165512,信诚新机遇混合,主动偏股型
620004,金元顺安价值增长混合,主动偏股型
000979,景顺沪港深精选股票,主动偏股型
000309,大摩品质生活精选股票,主动偏股型
001042,华夏领先股票,主动偏股型
001726,汇添富新兴消费股票,主动偏股型
001186,富国文体健康股票,主动偏股型
001490,汇添富国企创新增长股票,主动偏股型
001040,新华策略精选股票,主动偏股型
001195,工银农业产业股票,主动偏股型
000866,华宝高端制造,主动偏股型
001705,泓德战略转型股票,主动偏股型
000586,景顺中小创业板,主动偏股型
001637,嘉实腾讯自选股大数据策略股票,主动偏股型
160133,南方天元,主动偏股型
162208,泰达首选,主动偏股型
160919,大成产业升级股票,主动偏股型
001521,国寿安保成长优选股票,主动偏股型
000628,大成高新技术产业股票,主动偏股型
002229,华夏经济转型股票,主动偏股型
002168,嘉实智能汽车股票,主动偏股型
000828,泰达转型机遇,主动偏股型
001975,景顺环保优势股票,主动偏股型
001626,国泰央企改革股票,主动偏股型
000418,景顺优质成长基金,主动偏股型
000594,摩根进取优选股票,主动偏股型
000761,国富健康优质,主动偏股型
110025,易方达资源行业混合,主动偏股型
000523,国投医疗保健混合,主动偏股型
163001,长信医疗保健行业灵活混合,主动偏股型
110023,易方达医疗保健行业混合,主动偏股型
000251,工银金融地产行业混合,主动偏股型
481013,工银消费服务行业混合,主动偏股型
000083,汇添富消费行业混合,主动偏股型
519929,长信电子信息行业量化灵活混合,主动偏股型
000220,富国医疗保健行业混合,主动偏股型
050026,博时医疗保健行业混合,主动偏股型
000831,工银医疗保健,主动偏股型
110022,易方达消费行业,主动偏股型
001158,工银新材料新能源行业股票,主动偏股型
000513,富国高端制造,主动偏股型
000696,添富环保行业,主动偏股型
001245,工银生态环境行业股票,主动偏股型
000793,工银高端制造,主动偏股型
360001,光大量化,主动偏股型
163110,申万量化,主动偏股型
519975,长信量化中小盘股票,主动偏股型
001050,汇添富成长多因子量化策略股票,主动偏股型
001291,大摩量化多策略股票,主动偏股型
000978,景顺量化精选股票,主动偏股型
001733,泰达宏利量化增强股票,主动偏股型
001421,南方量化成长股票,主动偏股型
002952,建信多因子量化股票,主动偏股型
001917,招商量化精选股票,主动偏股型
002210,创金合信量化多因子股票,主动偏股型
001974,景顺量化新动力股票,主动偏股型
519965,长信量化多策略股票,主动偏股型
002300,长盛医疗行业量化配置股票,主动偏股型
162107,金鹰量化精选股票,主动偏股型
003241,创金合信量化发现灵活混合A,主动偏股型
003242,创金合信量化发现灵活混合C,主动偏股型
070006,嘉实服务,主动偏股型
233001,大摩基础,主动偏股型
001197,长盛转型升级主题灵活混合,主动偏股型
519655,银河现代服务主题灵活混合,主动偏股型
000800,华商未来主题混合,主动偏股型
000063,长盛电子主题,主动偏股型
000977,长城环保主题灵活配置混合,主动偏股型
001125,博时互联网主题灵活配置混合,主动偏股型
519651,银河转型增长主题灵活混合,主动偏股型
001239,长盛国企改革主题灵活混合,主动偏股型
001278,前海清洁能源主题精选灵活混合A,主动偏股型
001892,长盛新兴成长主题灵活混合,主动偏股型
001056,北信健康生活主题灵活混合,主动偏股型
001302,前海金银珠宝主题精选灵活混合A,主动偏股型
001156,申万菱信新能源汽车主题灵活混合,主动偏股型
001445,华安国企改革主题灵活混合,主动偏股型
519644,银河智联主题灵活配置混合,主动偏股型
001979,南方沪港深价值主题灵活混合,主动偏股型
001209,前海一带一路主题精选灵活混合A,主动偏股型
000598,长盛生态环境,主动偏股型
002244,景顺低碳科技主题灵活混合,主动偏股型
000354,长盛城镇化主题混合,主动偏股型
002085,长盛互联网+主题灵活混合,主动偏股型
002190,农银汇理新能源主题灵活混合,主动偏股型
002191,农银汇理物联网主题灵活混合,主动偏股型
002715,新华健康生活主题灵活混合,主动偏股型
001808,银华互联网主题灵活配置混合,主动偏股型
002272,新华科技创新主题灵活混合,主动偏股型
002159,东吴国企改革主题灵活混合,主动偏股型
002567,大成国家安全主题灵活混合,主动偏股型
519642,银河大国智造主题灵活混合,主动偏股型
001954,银华生态环保主题灵活混合,主动偏股型
001154,北信平安中国主题灵活混合,主动偏股型
164403,前海沪港深农业主题精选灵活混合,主动偏股型
001574,中海混改红利主题精选灵活混合,主动偏股型
001978,泰信互联网+主题灵活混合,主动偏股型
001829,北信中国智造主题灵活混合,主动偏股型
001986,前海开源人工智能主题灵活混合,主动偏股型
398051,中海环保,主动偏股型
000886,北信无限互联,主动偏股型
002142,博时外延增长主题灵活混合,主动偏股型
002123,北信外延增长主题灵活混合,主动偏股型
001268,富国国家安全主题混合,主动偏股型
180012,银华富裕主题混合,主动偏股型
001463,光大一带一路战略主题混合,主动偏股型
398061,中海消费主题精选混合,主动偏股型
161818,银华消费主题(母),主动偏股型
000589,光大银发商机主题混合,主动偏股型
519035,富国天博创新主题混合,主动偏股型
001403,招商国企改革主题混合,主动偏股型
519915,富国消费主题,主动偏股型
000017,财通可持续发展主题混合,主动偏股型
290008,泰信发展主题混合,主动偏股型
090016,大成消费主题混合,主动偏股型
202007,南方隆元产业主题混合,主动偏股型
040020,华安升级主题混合,主动偏股型
100039,富国通胀通缩主题轮动混合,主动偏股型
000057,中银消费主题混合,主动偏股型
620008,金元顺安新经济主题混合,主动偏股型
620006,金元顺安消费主题混合,主动偏股型
002621,中欧消费主题股票A,主动偏股型
002595,博时工业4.0主题股票,主动偏股型
001104,华安新丝路主题股票,主动偏股型
000991,工银战略转型主题股票,主动偏股型
001008,工银国企改革主题股票,主动偏股型
001236,博时丝路主题股票A,主动偏股型
001047,光大国企改革主题股票,主动偏股型
001178,前海开源再融资主题精选股票,主动偏股型
000974,安信消费医药主题股票,主动偏股型
000925,汇添富外延增长,主动偏股型
000913,农银汇理医疗保健主题股票,主动偏股型
001028,华安物联网主题股票,主动偏股型
001277,博时国企改革主题股票,主动偏股型
001319,农银汇理信息传媒主题股票,主动偏股型
001072,华安智能装备主题股票,主动偏股型
001043,工银美丽城镇主题股票,主动偏股型
001719,工银国家战略主题股票,主动偏股型
399011,中海医疗保健主题股票,主动偏股型
202202,南方避险,主动股债混合型
163823,中银保本,主动股债混合型
002622,广发稳裕保本混合,主动股债混合型
002560,诺安和鑫保本混合,主动股债混合型
002585,建信安心保本七号混合,主动股债混合型
002363,华安安康保本混合A,主动股债混合型
001734,广发百发大数据策略成长A,主动股债混合型
001323,东吴移动互联灵活配置混合A,主动股债混合型
000994,建信睿盈灵活配置混合A,主动股债混合型
001120,东方睿鑫热点挖掘灵活混合A,主动股债混合型
001815,华泰激励动力灵活配置混合A,主动股债混合型
001394,博时新趋势灵活配置混合A,主动股债混合型
002666,前海沪港深创新成长灵活混合A,主动股债混合型
002598,平安大华智能生活灵活混合A,主动股债混合型
002450,平安大华睿享文娱灵活混合A,主动股债混合型
001635,万家瑞益灵活配置混合A,主动股债混合型
001673,红塔红土优质成长灵活混合A,主动股债混合型
320006,诺安配置,主动股债混合型
166002,中欧新蓝筹A,主动股债混合型
000215,广发趋势优选混合,主动股债混合型
121006,国投稳健,主动股债混合型
050022,博时配置,主动股债混合型
184722,基金久嘉,主动股债混合型
184728,基金鸿阳,主动股债混合型
001769,易方达瑞惠灵活配置混合,主动股债混合型
001772,南方消费活力灵活配置混合,主动股债混合型
001620,嘉实新机遇灵活配置混合,主动股债混合型
505888,嘉实元和,主动股债混合型
163402,兴全趋势,主动股债混合型
169105,东方红睿华沪港深灵活混合,主动股债混合型
001511,兴全新视野灵活配置定开混合,主动股债混合型
001845,国寿安保稳定回报混合A,主动股债混合型
501026,财通多策略福享混合,主动股债混合型
001206,广发聚惠灵活配置混合A,主动股债混合型
002021,华夏回报2,主动股债混合型
000849,汇丰双核策略A,主动股债混合型
001203,东方红稳健精选混合A,主动股债混合型
001763,广发多策略灵活配置混合,主动股债混合型
001136,易方达裕如灵活配置混合,主动股债混合型
001320,工银丰盈回报灵活配置混合,主动股债混合型
001216,易方达新收益灵活配置混合A,主动股债混合型
000436,易方达裕惠回报,主动股债混合型
160722,嘉实惠泽定增灵活配置混合,主动股债混合型
001447,天弘惠利灵活配置混合,主动股债混合型
000571,中邮双动力混合,主动股债混合型
501001,财通多策略精选混合,主动股债混合型
001357,泓德泓富灵活配置混合A,主动股债混合型
001226,中邮稳健添利灵活配置混合,主动股债混合型
001485,华安添颐养老混合,主动股债混合型
003161,南方安泰养老混合,主动股债混合型
040001,华安创新,主动股债混合型
001231,银华泰利灵活配置混合A,主动股债混合型
100029,富国天成,主动股债混合型
002502,中银腾利灵活配置混合A,主动股债混合型
001140,工银总回报灵活配置混合,主动股债混合型
001688,嘉实新起点灵活配置混合A,主动股债混合型
001716,工银新趋势灵活配置混合A,主动股债混合型
200007,长城回报,主动股债混合型
001182,易方达安心回馈混合,主动股债混合型
160518,博时睿远定增灵活配置混合,主动股债混合型
168103,九泰锐益定增灵活配置混合,主动股债混合型
001264,银华恒利灵活配置混合A,主动股债混合型
000708,华安安享灵活配置混合,主动股债混合型
519773,交银数据产业灵活配置混合,主动股债混合型
166019,中欧智选A,主动股债混合型
340001,兴全可转债,主动股债混合型
000763,工银新财富,主动股债混合型
110001,易方达平稳增长,主动股债混合型
001139,华安新动力灵活配置混合,主动股债混合型
002860,前海开源沪港深新机遇灵活混合,主动股债混合型
206001,鹏华弘泰灵活配置混合A,主动股债混合型
260103,景顺平衡,主动股债混合型
000667,工银绝对收益混合发起A,主动股债混合型
202002,南稳贰号,主动股债混合型
001250,天弘新活力灵活配置混合,主动股债混合型
420009,天弘安康养老混合,主动股债混合型
270001,广发聚富,主动股债混合型
001053,南方创新经济灵活配置混合,主动股债混合型
161834,银华鑫锐定增灵活配置混合,主动股债混合型
002049,融通新机遇灵活配置混合,主动股债混合型
000065,国富焦点驱动混合,主动股债混合型
161232,国投瑞盛灵活配置混合,主动股债混合型
000417,国联安新精选混合,主动股债混合型
000714,诺安稳健回报A,主动股债混合型
001679,前海开源中国稀缺资产灵活混合A,主动股债混合型
001215,博时沪港深优质企业灵活混合A,主动股债混合型
000824,圆信永丰双红利A,主动股债混合型
519066,添富蓝筹,主动股债混合型
002264,华夏乐享健康灵活配置混合,主动股债混合型
001169,国投新价值灵活配置混合,主动股债混合型
161225,国投瑞盈灵活配置混合,主动股债混合型
001157,国联安睿祺灵活配置混合,主动股债混合型
253010,国联安安心,主动股债混合型
000573,天弘通利混合,主动股债混合型
167001,平安大华鼎泰灵活配置混合,主动股债混合型
001253,建信回报灵活配置混合,主动股债混合型
002746,汇添富多策略定开灵活混合,主动股债混合型
002911,鹏华兴实定开灵活配置混合,主动股债混合型
160421,华安智增精选灵活配置混合,主动股债混合型
000136,民生加银策略精选混合,主动股债混合型
001667,南方转型增长灵活配置混合,主动股债混合型
000894,中欧睿达定开,主动股债混合型
001304,建信鑫安回报灵活配置混合,主动股债混合型
001218,国投精选收益灵活配置混合,主动股债混合型
002624,广发优企精选灵活配置混合,主动股债混合型
002783,东方红价值精选混合A,主动股债混合型
001275,中邮创新优势灵活配置混合,主动股债混合型
165528,信诚鼎利定增灵活配置混合,主动股债混合型
161727,招商增荣灵活配置混合,主动股债混合型
000390,华商优势行业,主动股债混合型
169104,东方红睿满沪港深灵活混合,主动股债混合型
002850,南方甑智定开混合,主动股债混合型
001500,泓德远见回报混合,主动股债混合型
001305,九泰天富改革新动力灵活混合,主动股债混合型
000431,鹏华品牌传承混合,主动股债混合型
001802,易方达瑞财灵活配置混合I,主动股债混合型
003059,长信先利半年定开混合,主动股债混合型
169103,东方红睿轩沪港深灵活混合,主动股债混合型
002604,华夏新起点灵活配置混合,主动股债混合型
501017,国泰融丰定增灵活配置混合,主动股债混合型
180001,银华优势,主动股债混合型
001205,建信稳健回报灵活配置混合,主动股债混合型
000590,华安新活力混合,主动股债混合型
001314,易方达新益灵活配置混合I,主动股债混合型
000639,宝盈祥瑞养老混合,主动股债混合型
001743,诺安优选回报灵活配置混合,主动股债混合型
003004,招商睿祥定开混合,主动股债混合型
002809,鹏华兴华定开灵活配置混合,主动股债混合型
002411,华夏新机遇灵活配置混合,主动股债混合型
000165,策略精选混合,主动股债混合型
540003,汇丰策略A,主动股债混合型
360011,光大配置,主动股债混合型
001700,建信鑫盛回报灵活配置混合,主动股债混合型
001706,诺安积极回报灵活配置混合,主动股债混合型
002067,诺安精选回报灵活配置混合,主动股债混合型
002031,华夏策略,主动股债混合型
160921,大成定增灵活配置混合,主动股债混合型
002914,鹏华兴锐定开灵活配置混合,主动股债混合型
002639,天弘价值精选灵活配置混合,主动股债混合型
519062,海富通阿尔法,主动股债混合型
002772,光大产业新动力灵活配置混合,主动股债混合型
001311,华安新回报灵活配置混合,主动股债混合型
000976,长城新兴产业灵活配置混合,主动股债混合型
001470,融通通鑫灵活配置混合,主动股债混合型
001468,广发改革先锋灵活配置混合,主动股债混合型
001309,东方红睿逸定开混合,主动股债混合型
001695,泓德泓业灵活配置混合,主动股债混合型
168104,九泰锐丰定增2年定开灵活混合,主动股债混合型
000314,瑞丰灵活配置A,主动股债混合型
000538,诺安优势行业灵活配置混合A,主动股债混合型
002851,南方品质优选灵活配置混合,主动股债混合型
400022,东方利群混合A,主动股债混合型
002803,东方红沪港深灵活配置混合,主动股债混合型
002801,泓德泓信灵活配置混合,主动股债混合型
000742,国泰新经济,主动股债混合型
002222,嘉实新趋势灵活配置混合,主动股债混合型
001615,中欧睿尚定开混合,主动股债混合型
770001,德邦优化灵活配置混合,主动股债混合型
680001,浙商聚潮策略配置混合,主动股债混合型
160642,鹏华增瑞灵活配置混合,主动股债混合型
519951,长信利泰灵活配置混合,主动股债混合型
001029,国投新动力灵活配置混合,主动股债混合型
519971,长信改革红利,主动股债混合型
002545,东方岳灵活配置混合,主动股债混合型
002836,华夏新锦泰灵活配置混合C,主动股债混合型
002076,浙商聚潮灵活配置混合,主动股债混合型
001358,宝盈祥泰养老混合,主动股债混合型
002497,东方盛世灵活配置混合,主动股债混合型
003331,博时乐臻定开混合,主动股债混合型
001709,华富物联世界灵活配置混合,主动股债混合型
002231,华夏新趋势灵活配置混合A,主动股债混合型
000572,中银多策略,主动股债混合型
002317,招商睿逸稳健配置混合,主动股债混合型
001007,国联安鑫安灵活配置混合,主动股债混合型
161722,招商丰泰灵活配置混合,主动股债混合型
000452,南方医保,主动股债混合型
000190,中银新回报灵活配置混合,主动股债混合型
002224,中邮绝对收益策略定开混合,主动股债混合型
519700,交银主题,主动股债混合型
519764,交银卓越回报灵活配置混合,主动股债混合型
160522,博时睿益定增灵活配置混合,主动股债混合型
161222,国投瑞利灵活配置混合,主动股债混合型
000992,广发对冲套利定开混合,主动股债混合型
000507,泰达养老A,主动股债混合型
001429,博时新财富混合,主动股债混合型
167002,平安大华鼎越定开灵活混合,主动股债混合型
160519,博时睿利定增灵活配置混合,主动股债混合型
001370,中银新趋势灵活配置混合,主动股债混合型
000664,国联安通盈灵活A,主动股债混合型
000526,国泰浓益灵活混合A,主动股债混合型
519738,交银周期回报A,主动股债混合型
000904,银华回报灵活,主动股债混合型
165317,建信丰裕定增灵活配置混合,主动股债混合型
000530,招商丰盛稳定增长混合A,主动股债混合型
003033,南方荣冠定开混合,主动股债混合型
001260,广发安心回报混合,主动股债混合型
001276,建信新经济灵活配置混合,主动股债混合型
002388,天弘裕利灵活配置混合,主动股债混合型
001430,中邮乐享收益灵活配置混合,主动股债混合型
001290,广发安泰回报混合,主动股债混合型
002668,兴业聚丰灵活配置混合,主动股债混合型
002660,兴业聚源灵活配置混合,主动股债混合型
002494,兴业聚盈灵活配置混合,主动股债混合型
002659,兴业聚全灵活配置混合,主动股债混合型
001324,华宝新价值灵活配置混合,主动股债混合型
002623,广发服务业精选灵活配置混合,主动股债混合型
003187,嘉实安益灵活配置混合,主动股债混合型
002791,融通通景灵活配置混合,主动股债混合型
000556,国投新机遇混合A,主动股债混合型
050007,博时平衡,主动股债混合型
002931,南方荣毅定开混合,主动股债混合型
003154,华宝新活力灵活配置混合,主动股债混合型
002767,泰康宏泰回报混合,主动股债混合型
001352,民生新战略灵活配置混合,主动股债混合型
002938,中银证券健康产业灵活混合,主动股债混合型
001285,易方达新鑫灵活配置混合I,主动股债混合型
003147,大成动态量化,主动股债混合型
000679,招商丰利灵活A,主动股债混合型
003104,泰达宏利定宏混合,主动股债混合型
001728,银华战略新兴灵活配置定开混合,主动股债混合型
001322,东吴新趋势价值线灵活混合,主动股债混合型
000534,长盛高端装备混合,主动股债混合型
002149,嘉实新优选灵活配置混合,主动股债混合型
393001,中海优势精选灵活配置混合,主动股债混合型
519007,海富通回报,主动股债混合型
001249,易方达新利灵活配置混合,主动股债混合型
000178,博时混合A,主动股债混合型
161219,国投产业,主动股债混合型
000597,中海积极收益,主动股债混合型
002211,嘉实新财富灵活配置混合,主动股债混合型
002212,嘉实新起航灵活配置混合,主动股债混合型
002134,广发鑫裕灵活配置混合,主动股债混合型
001755,嘉实新思路灵活配置混合,主动股债混合型
003064,南方荣欢定开混合,主动股债混合型
002498,兴业聚鑫灵活配置混合,主动股债混合型
202023,南方成长,主动股债混合型
519127,浦银盛世A,主动股债混合型
750005,安信平稳增长混合发起A,主动股债混合型
000367,国泰安康养老定期支付混合A,主动股债混合型
003175,华泰多策略灵活配置混合,主动股债混合型
000844,南方绝对收益,主动股债混合型
003131,国寿安保强国智造灵活混合,主动股债混合型
519969,长信新利灵活配置混合,主动股债混合型
202027,南方高端装备,主动股债混合型
000512,国泰结构转型灵活配置混合A,主动股债混合型
210001,金鹰优选,主动股债混合型
002574,招商瑞庆灵活配置混合,主动股债混合型
050012,博时策略,主动股债混合型
000273,华润安鑫灵活,主动股债混合型
210010,金鹰灵活配置混合A,主动股债混合型
001448,华商双翼平衡混合,主动股债混合型
519050,海富通养老收益混合A,主动股债混合型
001499,国投新增长灵活配置混合,主动股债混合型
400023,东方多策略灵活配置混合A,主动股债混合型
762001,国金国鑫灵活配置混合,主动股债混合型
001910,泰康新机遇灵活配置混合,主动股债混合型
673040,西部利得行业主题优选灵活混合A,主动股债混合型
002955,融通新趋势灵活配置混合,主动股债混合型
002110,中海中鑫灵活配置混合,主动股债混合型
070018,嘉实回报,主动股债混合型
519134,海富通富祥混合,主动股债混合型
001392,富兰克林国海金融地产灵活混合A,主动股债混合型
001513,易方达信息产业混合,主动股债混合型
002908,富国睿利定开混合,主动股债混合型
003158,国投瑞达混合,主动股债混合型
001189,广发聚宝混合,主动股债混合型
001202,东方红领先精选灵活配置混合,主动股债混合型
519183,万家引擎,主动股债混合型
240002,宝康配置,主动股债混合型
002148,国寿安保稳健增利灵活混合,主动股债混合型
001744,诺安进取回报灵活配置混合,主动股债混合型
001252,中海进取收益灵活配置混合,主动股债混合型
001967,华宝转型升级灵活配置混合,主动股债混合型
001228,国联安鑫享灵活配置混合A,主动股债混合型
161224,国投新丝路灵活配置混合,主动股债混合型
160220,国泰民益灵活配置混合A,主动股债混合型
000953,国泰睿吉灵活配置混合A,主动股债混合型
673030,西部利得多策略优选灵活混合,主动股债混合型
000823,银华高端制造,主动股债混合型
001568,泰达宏利增利灵活配置定开混合,主动股债混合型
000214,广发成长优选混合基金,主动股债混合型
002939,广发创新升级灵活配置混合,主动股债混合型
000511,国泰国策驱动灵活配置混合A,主动股债混合型
000936,博时产业新动力灵活配置混合,主动股债混合型
000585,嘉实对冲套利定期混合,主动股债混合型
001940,农银汇理现代农业加灵活混合,主动股债混合型
000695,大成景益平稳收益混合,主动股债混合型
002708,大摩健康产业混合,主动股债混合型
001261,中融新机遇灵活配置混合,主动股债混合型
001135,益民品质升级灵活配置混合,主动股债混合型
487021,工银优质精选混合,主动股债混合型
000845,国投信息消费,主动股债混合型
001272,兴业聚利灵活配置混合,主动股债混合型
002831,国投瑞宁灵活配置混合,主动股债混合型
001896,泰达宏利绝对收益策略定开混合,主动股债混合型
002669,华商万众创新灵活配置混合,主动股债混合型
050018,博时行业轮动混合,主动股债混合型
450001,国富收益,主动股债混合型
001990,中欧数据挖掘多因子灵活混合,主动股债混合型
002527,南方安享绝对收益策略定开混合,主动股债混合型
180018,银华和谐主题,主动股债混合型
001869,招商制造业转型灵活配置混合,主动股债混合型
530012,建信积极配置,主动股债混合型
000689,前海新经济,主动股债混合型
002564,新沃通盈灵活配置混合,主动股债混合型
002152,华宝核心优势灵活配置混合,主动股债混合型
000242,景顺策略精选基金,主动股债混合型
002612,融通国企改革新机遇灵活混合,主动股债混合型
000706,中邮多策略,主动股债混合型
001298,金鹰民族新兴灵活配置混合,主动股债混合型
000408,民生城镇化混合,主动股债混合型
000972,新华万银多元策略灵活混合,主动股债混合型
001119,国投新回报灵活配置混合,主动股债混合型
000362,国泰聚信价值A,主动股债混合型
002331,泰康安泰回报混合,主动股债混合型
000527,南方新优享,主动股债混合型
002655,南方卓享绝对收益策略定开混合,主动股债混合型
001614,东方区域发展混合,主动股债混合型
002844,金鹰多元策略灵活配置混合,主动股债混合型
000584,新华鑫益灵活,主动股债混合型
002810,金信转型创新成长灵活混合,主动股债混合型
002383,大成趋势回报灵活配置混合,主动股债混合型
673010,西部新动向,主动股债混合型
166020,中欧优选A,主动股债混合型
200001,长城久恒灵活配置混合,主动股债混合型
160813,长盛同盛成长,主动股债混合型
163810,中银价值,主动股债混合型
000398,华富灵活配置,主动股债混合型
000278,融通通泽灵活,主动股债混合型
001809,中信建投智信物联网灵活混合,主动股债混合型
255010,国联安稳健,主动股债混合型
001951,金鹰改革红利灵活配置混合,主动股债混合型
160812,长盛同益成长,主动股债混合型
162205,泰达预算,主动股债混合型
000414,嘉实绝对收益策略定期开放基金,主动股债混合型
001068,华融新锐灵活配置混合,主动股债混合型
710002,安达策略,主动股债混合型
210002,金鹰红利,主动股债混合型
001760,嘉实创新成长灵活配置混合,主动股债混合型
001923,国泰添益灵活配置混合,主动股债混合型
002518,民生鑫福灵活配置混合,主动股债混合型
002160,南方转型驱动灵活配置混合,主动股债混合型
001533,华泰爱利灵活配置混合,主动股债混合型
519781,交银领先回报灵活配置混合,主动股债混合型
673060,西部利得景瑞灵活配置混合,主动股债混合型
519656,银河灵活配置A,主动股债混合型
000767,华富国泰民安灵活配置混合,主动股债混合型
001641,富国绝对收益多策略定开混合,主动股债混合型
001535,景顺改革机遇灵活配置混合,主动股债混合型
000841,富国新回报A/B,主动股债混合型
000535,航天海工装备混合,主动股债混合型
002307,银华多元视野灵活配置混合,主动股债混合型
002020,国都创新驱动灵活配置混合,主动股债混合型
001536,南方君选灵活配置混合,主动股债混合型
002194,北信稳定增强偏债混合,主动股债混合型
000928,中融国企改革,主动股债混合型
519020,国泰金泰平衡A,主动股债混合型
690009,民生加银红利回报混合,主动股债混合型
000747,广发逆向策略,主动股债混合型
580009,东吴内需增长,主动股债混合型
001224,中邮新思路灵活配置混合,主动股债混合型
001433,易方达瑞景灵活配置混合,主动股债混合型
519130,海富通新内需A,主动股债混合型
001059,中金绝对收益策略定开混合,主动股债混合型
001875,前海开源沪港深优势精选灵活混合,主动股债混合型
000410,益民服务领先,主动股债混合型
000684,长盛养老产业,主动股债混合型
000772,景顺中国回报,主动股债混合型
002269,银华大数据灵活配置定开混合,主动股债混合型
001321,兴业聚优灵活配置混合,主动股债混合型
002482,宝盈互联网沪港深灵活混合,主动股债混合型
001543,宝盈新锐灵活配置混合,主动股债混合型
501000,国金鑫新灵活配置混合,主动股债混合型
350009,天治研究驱动灵活配置混合A,主动股债混合型
001933,华商新兴活力灵活配置混合,主动股债混合型
002732,长盛沪港深优势精选灵活混合,主动股债混合型
519732,交银双息平衡,主动股债混合型
002103,招商康泰养老灵活配置混合,主动股债混合型
290005,泰信优势,主动股债混合型
002303,金鹰智慧生活灵活配置混合,主动股债混合型
610002,澳银配置,主动股债混合型
350001,天治增长,主动股债混合型
217021,招商优势,主动股债混合型
002605,融通新消费灵活配置混合,主动股债混合型
217002,招商平衡,主动股债混合型
001708,东兴改革精选灵活配置混合,主动股债混合型
001484,天弘新价值灵活配置混合,主动股债混合型
001604,浙商汇金转型升级灵活混合,主动股债混合型
001259,德邦鑫星稳健灵活配置混合,主动股债混合型
002597,兴业成长动力灵活配置混合,主动股债混合型
000788,前海中国成长,主动股债混合型
000865,大成景利混合,主动股债混合型
000926,中信建投睿信灵活配置混合,主动股债混合型
002593,富国美丽中国混合,主动股债混合型
002330,兴业聚宝灵活配置混合,主动股债混合型
002408,中信建投医改灵活配置混合,主动股债混合型
001797,华融新利灵活配置混合,主动股债混合型
164205,天弘鑫动力灵活配置混合,主动股债混合型
001474,华福丰盈灵活配置混合,主动股债混合型
000199,国泰策略收益灵活配置混合,主动股债混合型
001852,融通中国风1号灵活配置混合,主动股债混合型
320018,诺安动力,主动股债混合型
000531,东吴阿尔法,主动股债混合型
560006,益民核心增长,主动股债混合型
001866,北信新成长灵活配置混合,主动股债混合型
001729,银华逆向投资灵活配置定开混合,主动股债混合型
001737,大摩沪港深新价值灵活混合,主动股债混合型
530016,建信恒稳,主动股债混合型
000743,红塔盛世普益,主动股债混合型
001168,国投优选收益灵活配置混合,主动股债混合型
210007,金鹰技术领先灵活配置混合A,主动股债混合型
620002,金元动力,主动股债混合型
002849,金信智能中国2025灵活混合,主动股债混合型
000496,长安产业精选混合A,主动股债混合型
180010,银华优质增长混合,主动股债混合型
070002,嘉实增长,主动股债混合型
483003,工银平衡,主动股债混合型
163801,中银中国,主动股债混合型
550001,信诚四季红,主动股债混合型
240001,宝康消费品,主动股债混合型
160805,长盛同智,主动股债混合型
560002,益民红利,主动股债混合型
260115,景顺中小盘混合,主动股债混合型
620001,宝石动力,主动股债混合型
160505,博时主题行业混合,主动股债混合型
260112,景顺能源基建混合,主动股债混合型
001524,华泰柏瑞精选回报灵活配置混合,主动股债混合型
310328,申万菱信新动力混合,主动股债混合型
320011,诺安中小盘精选混合,主动股债混合型
400011,东方核心动力混合,主动股债混合型
671010,西部利得策略优选混合,主动股债混合型
002011,华夏红利,主动股债混合型
070003,嘉实稳健,主动股债混合型
270007,广发大盘,主动股债混合型
270002,广发稳健,主动股债混合型
530005,建信优化,主动股债混合型
202001,南方稳健,主动股债混合型
519039,长盛同德主题增长混合,主动股债混合型
217009,招商核心,主动股债混合型
560003,益民创新,主动股债混合型
090007,大成策略回报混合,主动股债混合型
310308,盛利精选,主动股债混合型
510081,长盛精选,主动股债混合型
020009,国泰金鹏,主动股债混合型
270041,广发消费品精选混合,主动股债混合型
570005,诺德成长优势混合,主动股债混合型
000056,建信消费升级混合,主动股债混合型
290014,泰信现代服务业混合,主动股债混合型
519056,海富通内需热点混合,主动股债混合型
582003,东吴配置优化混合,主动股债混合型
001143,华商量化进取灵活配置混合,主动股债混合型
000753,华宝对冲策略A,主动股债混合型
002919,东吴智慧医疗量化策略灵活混合,主动股债混合型
002562,泓德泓益量化混合,主动股债混合型
002270,东吴安盈量化灵活配置混合,主动股债混合型
080005,长盛量化红利策略混合,主动股债混合型
001073,华泰量化绝对收益策略定开混合,主动股债混合型
001565,永赢量化混合,主动股债混合型
002804,华泰量化对冲稳健定开混合,主动股债混合型
002449,民生量化中国灵活配置混合,主动股债混合型
000062,银华量化智慧动力灵活混合,主动股债混合型
002862,金信量化精选灵活配置混合,主动股债混合型
168102,九泰锐富事件驱动混合,主动股债混合型
080007,长盛同鑫行业,主动股债混合型
162102,金鹰中小盘,主动股债混合型
270005,广发聚丰混合,主动股债混合型
020003,国泰金龙行业混合,主动股债混合型
217005,招商先锋,主动股债混合型
160610,鹏华动力,主动股债混合型
163804,中银收益A,主动股债混合型
610001,信达澳银领先增长混合,主动股债混合型
162207,泰达效率,主动股债混合型
660003,农银平衡,主动股债混合型
690003,民生精选混合,主动股债混合型
519025,海富通领先成长混合,主动股债混合型
020023,国泰事件驱动策略混合,主动股债混合型
580006,东吴新经济混合,主动股债混合型
090004,大成精选,主动股债混合型
000001,华夏成长,主动股债混合型
070010,嘉实主题,主动股债混合型
630001,华商领先,主动股债混合型
519158,新华趋势领航混合,主动股债混合型
519087,新华分红,主动股债混合型
151001,银河稳健,主动股债混合型
165516,信诚周期轮动混合,主动股债混合型
519013,海富通风格优势混合,主动股债混合型
000547,建信健康民生混合,主动股债混合型
000591,中银健康生活混合,主动股债混合型
310368,申万菱信竞争优势混合,主动股债混合型
580007,东吴新创业混合,主动股债混合型
000551,信诚幸福消费混合,主动股债混合型
002980,华夏创新前沿股票,主动股债混合型
003053,嘉实文体娱乐股票A,主动股债混合型
001685,汇添富沪港深新价值股票,主动股债混合型
001703,银华沪港深增长股票,主动股债混合型
519935,长信创新驱动股票,主动股债混合型
000778,鹏华先进制造,主动股债混合型
003054,嘉实文体娱乐股票C,主动股债混合型
090006,大成2020,主动股债混合型
540001,汇丰2016,主动股债混合型
540004,汇丰2026,主动股债混合型
000072,华安保本混合,主动股债混合型
000126,安润保本,主动股债混合型
002281,建信安心保本三号混合,主动股债混合型
002601,中银保本1号,主动股债混合型
002145,诺安景鑫保本混合,主动股债混合型
002504,鹏华金鼎保本混合A,主动股债混合型
002291,诺安安鑫保本混合,主动股债混合型
002249,招商境远保本混合,主动股债混合型
002420,汇添富盈鑫保本混合,主动股债混合型
002573,建信安心保本六号混合,主动股债混合型
002789,长盛同享保本混合A,主动股债混合型
002137,诺安利鑫保本混合,主动股债混合型
000189,易方达保本一号混合,主动股债混合型
002714,鹏华金城保本混合,主动股债混合型
001905,华安安益保本混合,主动股债混合型
002419,汇添富盈安保本混合,主动股债混合型
000030,长城久利,主动股债混合型
001858,建信安心保本二号混合,主动股债混合型
180002,银华保本,主动股债混合型
002378,建信安心保本五号混合,主动股债混合型
202213,南方安心,主动股债混合型
002292,诺安益鑫保本混合,主动股债混合型
217024,安盈保本,主动股债混合型
002542,长城久鼎保本混合,主动股债混合型
000195,工银保本3号混合A,主动股债混合型
001907,国投境煊保本混合A,主动股债混合型
000270,建信安心保本混合,主动股债混合型
002367,国联安安稳保本混合,主动股债混合型
002295,广发稳安保本混合,主动股债混合型
002238,华安乐惠保本混合A,主动股债混合型
002398,华安安禧保本混合A,主动股债混合型
002288,中银稳进保本混合,主动股债混合型
001704,国投进宝保本混合,主动股债混合型
002271,招商安弘保本混合,主动股债混合型
002350,华安安华保本混合,主动股债混合型
002458,国泰民利保本混合,主动股债混合型
002293,南方益和保本混合,主动股债混合型
002959,汇添富盈稳保本混合,主动股债混合型
002657,招商安裕保本混合A,主动股债混合型
519675,银河润利保本A,主动股债混合型
002543,长城久益保本混合A,主动股债混合型
002813,博时保泰保本混合A,主动股债混合型
002530,博时保泽保本混合A,主动股债混合型
002446,广发稳鑫保本混合,主动股债混合型
000326,南方顺达保本混合,主动股债混合型
002296,长城久安保本混合,主动股债混合型
001800,华安新乐享保本混合,主动股债混合型
002208,博时境源保本混合A,主动股债混合型
001613,长城久祥保本混合,主动股债混合型
001282,华安新机遇保本混合,主动股债混合型
002596,华商保本1号混合,主动股债混合型
001922,国泰新目标收益保本混合,主动股债混合型
000649,长城久鑫保本,主动股债混合型
002512,长城久润保本混合,主动股债混合型
001363,长城久惠保本混合,主动股债混合型
002167,南方顺康保本混合,主动股债混合型
002197,国泰鑫保本混合,主动股债混合型
000327,南方丰合保本混合,主动股债混合型
519654,银河泽利保本混合,主动股债混合型
000066,诺安鸿鑫保本混合,主动股债混合型
320020,诺安汇鑫保本混合,主动股债混合型
002703,长城久源保本混合,主动股债混合型
002242,国投瑞兴保本混合,主动股债混合型
020018,金鹿保本,主动股债混合型
002776,招商安荣保本混合A,主动股债混合型
002690,前海开源恒泽保本混合A,主动股债混合型
001266,国投招财保本混合,主动股债混合型
400020,东方安心收益保本混合,主动股债混合型
002358,国投瑞祥保本混合,主动股债混合型
002628,招商安博保本混合A,主动股债混合型
002537,平安大华安盈保本混合,主动股债混合型
002768,华安安进保本混合型发起式,主动股债混合型
002308,安信安盈保本混合,主动股债混合型
001914,中信建投稳利保本2号混合,主动股债混合型
519753,交银荣和保本混合,主动股债混合型
200016,长城保本,主动股债混合型
002681,金鹰元和保本混合A,主动股债混合型
121010,国投保本,主动股债混合型
519167,新华鑫安保本,主动股债混合型
002220,南方瑞利保本混合,主动股债混合型
001531,招商安益保本混合,主动股债混合型
002338,兴业保本混合,主动股债混合型
002304,平安大华安心保本混合,主动股债混合型
001238,博时招财一号大数据保本混合,主动股债混合型
002565,创金合信鑫安保本混合A,主动股债混合型
002213,中海顺鑫保本混合,主动股债混合型
002280,华富安享保本混合,主动股债混合型
000142,融通通泰保本混合A,主动股债混合型
002453,九泰久稳保本混合A,主动股债混合型
001814,新华阿鑫二号保本混合,主动股债混合型
003189,汇添富保鑫保本混合,主动股债混合型
002407,前海开源恒远保本混合,主动股债混合型
217020,招商保本,主动股债混合型
519726,交银荣祥保本,主动股债混合型
002489,国泰民福保本混合,主动股债混合型
163411,兴全保本,主动股债混合型
002282,平安大华安享保本混合,主动股债混合型
002856,博时保丰保本混合A,主动股债混合型
002415,融通通盈保本混合,主动股债混合型
002432,天弘乐享保本混合,主动股债混合型
519766,交银荣鑫保本混合,主动股债混合型
002640,中信建投稳溢保本混合,主动股债混合型
210014,金鹰元丰保本混合,主动股债混合型
519198,万家颐和保本混合,主动股债混合型
000610,新华阿里一号,主动股债混合型
003055,博时招财二号大数据保本混合,主动股债混合型
320015,诺安保本,主动股债混合型
001486,天弘鑫安宝保本混合,主动股债混合型
002648,东方合家保本混合,主动股债混合型
000028,华富保本混合,主动股债混合型
000166,中海安鑫保本,主动股债混合型
519197,万家颐达保本混合,主动股债混合型
000900,新华阿鑫一号,主动股债混合型
000110,金鹰元安保本混合A,主动股债混合型
002490,金鹰元祺保本混合,主动股债混合型
001932,国寿安保保本混合,主动股债混合型
202212,南方保本,主动股债混合型
001317,东方赢家保本混合,主动股债混合型
700004,平安大华保本混合型,主动股债混合型
400013,东方保本,主动股债混合型
487016,工银保本A,主动股债混合型
202211,南方恒元,主动股债混合型
001292,天弘普惠养老保本混合A,主动股债混合型
002480,东方荣家保本混合,主动股债混合型
620007,金元顺安保本混合A,主动股债混合型
210006,金鹰保本A,主动股债混合型
002745,北信丰利保本混合,主动股债混合型
001014,中融融安保本混合,主动股债混合型
002412,华富安福保本混合,主动股债混合型
206013,鹏华金刚保本,主动股债混合型
001034,华富旺财保本混合,主动股债混合型
001977,创金合信聚财保本混合,主动股债混合型
002584,富安达长盈保本混合,主动股债混合型
020022,国泰保本,主动股债混合型
001155,中海安鑫宝1号保本混合,主动股债混合型
001739,中融融安二号保本混合,主动股债混合型
002717,红塔红土盛隆保本混合A,主动股债混合型
090019,大成景恒保本混合,主动股债混合型
519729,交银荣泰保本,主动股债混合型
180028,银华永祥,主动股债混合型
000749,国金鑫安保本混合,主动股债混合型
000804,中投稳利保本,主动股债混合型
000058,国联安保本混合,主动股债混合型
001331,鹏华弘信灵活配置混合A,主动股债混合型
001408,建信鑫丰回报灵活配置混合A,主动股债混合型
001413,中融新动力灵活配置混合A,主动股债混合型
160520,博时弘盈定开混合A,主动股债混合型
001221,国联安鑫富混合A,主动股债混合型
519640,银河鸿利灵活配置混合A,主动股债混合型
002018,鹏华弘安灵活配置混合A,主动股债混合型
001190,鹏华弘润灵活配置混合A,主动股债混合型
003186,鹏华兴安定开灵活配置混合,主动股债混合型
001494,信诚新鑫回报灵活配置混合A,主动股债混合型
001164,中欧琪和灵活配置混合A,主动股债混合型
001327,鹏华弘华灵活配置混合A,主动股债混合型
001492,鹏华弘锐灵活配置混合A,主动股债混合型
001453,鹏华弘鑫灵活配置混合A,主动股债混合型
001336,鹏华弘益灵活配置混合A,主动股债混合型
001325,鹏华弘和灵活配置混合A,主动股债混合型
001146,中欧瑾源灵活配置混合A,主动股债混合型
001067,鹏华弘盛灵活配置混合A,主动股债混合型
001122,鹏华弘利灵活配置混合A,主动股债混合型
001601,鑫元鑫新收益灵活配置混合A,主动股债混合型
001387,中融新经济灵活配置混合A,主动股债混合型
003044,东方红战略精选沪港深混合A,主动股债混合型
001172,鹏华弘泽灵活配置混合A,主动股债混合型
001796,汇添富安鑫智选灵活混合A,主动股债混合型
160521,博时弘盈定开混合C,主动股债混合型
001464,光大鼎鑫灵活配置混合A,主动股债混合型
002643,鹏华兴利定期开放灵活配置混合,主动股债混合型
001312,华安新优选灵活配置混合A,主动股债混合型
519752,交银新回报灵活配置混合A,主动股债混合型
001283,红塔红土盛金新动力灵活混合A,主动股债混合型
519610,银河旺利灵活配置混合A,主动股债混合型
002535,中银鑫利灵活配置混合A,主动股债混合型
001399,安信鑫安得利灵活配置混合A,主动股债混合型
003343,鹏华弘惠灵活配置混合A,主动股债混合型
001183,南方利淘灵活配置混合A,主动股债混合型
001411,诺安创新驱动灵活配置混合A,主动股债混合型
002095,博时新收益灵活配置混合A,主动股债混合型
001566,南方利达灵活配置混合A,主动股债混合型
001194,景顺稳健回报灵活配置混合A,主动股债混合型
001359,国联安添鑫灵活配置混合A,主动股债混合型
519963,长信利盈灵活配置混合A,主动股债混合型
002461,中银珍利灵活配置混合A,主动股债混合型
002041,国投新成长灵活配置混合A,主动股债混合型
003058,建信瑞盛添利混合C,主动股债混合型
001318,东方新策略灵活配置混合A,主动股债混合型
001342,易方达新享灵活配置混合A,主动股债混合型
002913,鹏华兴益定开灵活配置混合,主动股债混合型
001148,申万菱信多策略灵活配置混合A,主动股债混合型
001570,南方利安灵活配置混合A,主动股债混合型
001201,申万菱信安鑫回报灵活混合A,主动股债混合型
001427,招商丰泽灵活配置混合A,主动股债混合型
002413,中银瑞利灵活配置混合A,主动股债混合型
002261,中银宝利灵活配置混合A,主动股债混合型
002057,中银新机遇灵活配置混合A,主动股债混合型
002365,国联安鑫禧灵活配置混合A,主动股债混合型
519652,银河鑫利灵活配置混合A,主动股债混合型
002695,鹏华兴泽定开灵活配置混合A,主动股债混合型
001801,汇添富达欣灵活配置混合A,主动股债混合型
000892,九泰天宝灵活配置混合A,主动股债混合型
001287,安信优势增长灵活配置混合A,主动股债混合型
519755,交银多策略回报灵活配置混合A,主动股债混合型
001506,景顺泰和回报灵活配置混合A,主动股债混合型
001110,中欧瑾泉灵活配置混合A,主动股债混合型
001263,大成景穗灵活配置混合A,主动股债混合型
002015,南方荣光灵活配置混合A,主动股债混合型
001141,泰达宏利创盈灵活配置混合A,主动股债混合型
001650,工银丰收回报灵活配置混合A,主动股债混合型
002770,安信新回报灵活配置混合A,主动股债混合型
003271,国联安鑫瑞混合A,主动股债混合型
001280,银华聚利灵活配置混合A,主动股债混合型
002087,富兰克林国海新机遇灵活混合A,主动股债混合型
002834,华夏新锦绣灵活配置混合C,主动股债混合型
003122,鹏华兴盛定开灵活配置混合,主动股债混合型
002626,招商丰源灵活配置混合A,主动股债混合型
002700,华夏新起航灵活配置混合C,主动股债混合型
003374,大成景禄灵活配置混合C,主动股债混合型
002821,招商丰乐灵活配置混合A,主动股债混合型
002516,招商丰达灵活配置混合A,主动股债混合型
001686,安信新动力灵活配置混合A,主动股债混合型
003230,创金合信鑫动力灵活混合A,主动股债混合型
003232,创金合信鑫价值灵活混合A,主动股债混合型
002576,招商丰睿灵活配置混合C,主动股债混合型
002025,广发聚盛灵活配置混合A,主动股债混合型
001418,泰达宏利创益灵活配置混合A,主动股债混合型
001229,德邦福鑫灵活配置混合A,主动股债混合型
001841,招商丰享灵活配置混合A,主动股债混合型
003367,鹏华兴合定开灵活配置混合A,主动股债混合型
001501,招商丰裕灵活配置混合A,主动股债混合型
001419,泰达宏利新思路灵活配置混合A,主动股债混合型
003275,国联安鑫盈混合A,主动股债混合型
001491,国泰生益灵活配置混合A,主动股债混合型
002054,中银新财富灵活配置混合A,主动股债混合型
001639,嘉实新常态灵活配置混合A,主动股债混合型
002368,国联安鑫悦灵活配置混合A,主动股债混合型
002726,华富诚鑫灵活配置混合A,主动股债混合型
002156,长盛盛世灵活配置混合A,主动股债混合型
002664,万家瑞和灵活配置混合A,主动股债混合型
003165,鹏华弘嘉灵活配置混合A,主动股债混合型
001443,易方达瑞选灵活配置混合I,主动股债混合型
002092,富兰克林国海新增长灵活混合A,主动股债混合型
001355,广发聚泰混合A,主动股债混合型
001270,英大灵活配置混合A,主动股债混合型
001316,安信稳健增值灵活配置混合A,主动股债混合型
162414,华宝新机遇灵活配置混合A,主动股债混合型
001265,国泰兴益灵活配置混合A,主动股债混合型
001846,国寿安保稳健回报混合A,主动股债混合型
002409,华夏新活力灵活配置混合A,主动股债混合型
001345,富国新收益灵活配置混合A,主动股债混合型
519961,长信利广灵活配置混合A,主动股债混合型
001289,银华汇利灵活配置混合A,主动股债混合型
001584,国投新活力灵活配置混合A,主动股债混合型
001547,兴业聚惠灵活配置混合A,主动股债混合型
002301,兴业聚盛灵活配置混合A,主动股债混合型
002013,中欧琪丰灵活配置混合A,主动股债混合型
002838,华夏新锦程灵活配置混合A,主动股债混合型
003140,鹏华弘腾灵活配置混合A,主动股债混合型
002875,华夏新锦安灵活配置混合A,主动股债混合型
002514,招商丰益灵活配置混合A,主动股债混合型
002581,招商丰凯灵活配置混合A,主动股债混合型
002871,华夏新锦源灵活配置混合A,主动股债混合型
002873,华夏新锦福灵活配置混合A,主动股债混合型
003169,长盛盛辉混合A,主动股债混合型
003035,广发安祥回报灵活配置混合A,主动股债混合型
003117,光大吉鑫灵活配置混合A,主动股债混合型
003105,光大永鑫灵活配置混合A,主动股债混合型
003142,鹏华弘达灵活配置混合A,主动股债混合型
002430,中银丰利灵活配置混合A,主动股债混合型
001198,东方惠新灵活配置混合型A,主动股债混合型
003225,鹏华兴润定开灵活配置混合C,主动股债混合型
001196,东方鼎新灵活配置A,主动股债混合型
001609,平安大华鑫享混合A,主动股债混合型
002227,长城新优选混合A,主动股债混合型
001329,鹏华弘实灵活配置混合A,主动股债混合型
002009,中欧瑾通灵活配置混合A,主动股债混合型
001495,东方新价值混合A,主动股债混合型
001247,华泰新利灵活配置混合A,主动股债混合型
002039,国投新收益灵活配置混合A,主动股债混合型
001903,光大欣鑫灵活配置混合A,主动股债混合型
001422,景顺安享回报灵活配置混合A,主动股债混合型
001597,招商丰融灵活配置混合A,主动股债混合型
001424,博时新起点灵活配置混合A,主动股债混合型
002941,广发安瑞回报灵活配置混合A,主动股债混合型
002089,长盛盛鑫灵活配置混合A,主动股债混合型
002616,中银益利灵活配置混合A,主动股债混合型
001389,中融新优势灵活配置混合A,主动股债混合型
002618,中银裕利灵活配置混合A,主动股债混合型
165526,信诚新旺回报灵活配置混合A,主动股债混合型
001798,泰康新回报灵活配置混合A,主动股债混合型
001185,安信动态策略灵活配置混合A,主动股债混合型
002097,富兰克林国海新价值灵活混合A,主动股债混合型
001362,景顺领先回报灵活配置混合A,主动股债混合型
519619,银河君荣灵活配置混合A,主动股债混合型
002116,广发安享灵活配置混合A,主动股债混合型
001761,广发安宏回报灵活配置混合A,主动股债混合型
519768,交银优选回报灵活配置混合A,主动股债混合型
519770,交银优择回报灵活配置混合A,主动股债混合型
001412,德邦鑫星价值A,主动股债混合型
003028,安信新优选灵活配置混合A,主动股债混合型
003190,创金合信鑫回报灵活混合A,主动股债混合型
002934,泰康恒泰回报灵活配置混合A,主动股债混合型
003119,博时鑫源灵活配置混合A,主动股债混合型
003234,信诚至利混合A,主动股债混合型
003412,鹏华弘康灵活配置混合C,主动股债混合型
002034,华安新财富灵活配置混合C,主动股债混合型
001466,华富永鑫灵活配置混合A,主动股债混合型
003224,鹏华兴润定开灵活配置混合A,主动股债混合型
002434,中银宏利灵活配置混合A,主动股债混合型
001939,光大睿鑫灵活配置混合A,主动股债混合型
001488,万家瑞丰灵活配置混合A,主动股债混合型
003346,安信新成长灵活配置混合C,主动股债混合型
002115,富兰克林国海新收益灵活混合C,主动股债混合型
001115,广发聚安混合A,主动股债混合型
000932,前海开源睿远稳健增利混合A,主动股债混合型
003353,信诚至优灵活配置混合A,主动股债混合型
001431,方正富邦优选灵活配置混合A,主动股债混合型
001777,德邦多元回报灵活配置混合A,主动股债混合型
002101,创金合信鑫优选灵活混合A,主动股债混合型
001670,长城新策略灵活配置混合A,主动股债混合型
001173,中欧瑾和灵活配置混合A,主动股债混合型
001335,南方利众灵活配置混合A,主动股债混合型
002225,长城新视野混合A,主动股债混合型
001517,大成景裕灵活配置混合A,主动股债混合型
003415,泰达宏利创金灵活配置混合C,主动股债混合型
519222,海富通欣益灵活配置混合A,主动股债混合型
001675,江信同福灵活配置混合A,主动股债混合型
001402,信诚新选回报灵活配置混合A,主动股债混合型
002146,长安鑫益增强混合A,主动股债混合型
001942,前海开源沪港深汇鑫灵活混合A,主动股债混合型
003256,信诚至益混合A,主动股债混合型
001303,银华稳利灵活配置混合A,主动股债混合型
002824,招商盛达灵活配置混合C,主动股债混合型
003368,鹏华兴合定开灵活配置混合C,主动股债混合型
519224,海富通欣荣灵活配置混合A,主动股债混合型
002784,东方红价值精选混合C,主动股债混合型
003045,东方红战略精选沪港深混合C,主动股债混合型
519614,银河君尚灵活配置混合C,主动股债混合型
003027,安信新价值灵活配置混合C,主动股债混合型
002614,中银颐利灵活配置混合A,主动股债混合型
003166,鹏华弘嘉灵活配置混合C,主动股债混合型
002100,富兰克林国海新活力灵活混合C,主动股债混合型
002864,广发安泽回报灵活配置混合A,主动股债混合型
003248,泰达宏利启智灵活配置混合C,主动股债混合型
003283,信诚至裕灵活配置混合C,主动股债混合型
002541,招商丰和灵活配置混合C,主动股债混合型
002729,华富益鑫灵活配置混合C,主动股债混合型
003149,中欧瑾悠灵活配置混合C,主动股债混合型
003062,银华通利灵活配置混合A,主动股债混合型
002670,万家瑞旭灵活配置混合A,主动股债混合型
519223,海富通欣荣灵活配置混合C,主动股债混合型
002539,招商丰嘉灵活配置混合C,主动股债混合型
003031,安信新目标灵活配置混合C,主动股债混合型
519615,银河君尚灵活配置混合I,主动股债混合型
001415,信诚新锐回报灵活配置混合A,主动股债混合型
003276,国联安鑫盈混合C,主动股债混合型
001664,平安大华鑫安混合A,主动股债混合型
003095,中欧医疗健康混合A,主动股债混合型
002083,新华鑫动力灵活配置混合A,主动股债混合型
519617,银河君信灵活配置混合C,主动股债混合型
002853,华富元鑫灵活配置混合A,主动股债混合型
001405,东方红策略精选灵活混合A,主动股债混合型
001333,大成景鹏灵活配置混合A,主动股债混合型
001970,泰信鑫选灵活配置混合A,主动股债混合型
519613,银河君尚灵活配置混合A,主动股债混合型
002823,招商盛达灵活配置混合A,主动股债混合型
003354,信诚至优灵活配置混合C,主动股债混合型
003148,中欧瑾悠灵活配置混合A,主动股债混合型
003414,泰达宏利创金灵活配置混合A,主动股债混合型
002615,中银颐利灵活配置混合C,主动股债混合型
002854,华富元鑫灵活配置混合C,主动股债混合型
519620,银河君荣灵活配置混合C,主动股债混合型
519618,银河君信灵活配置混合I,主动股债混合型
002431,中银丰利灵活配置混合C,主动股债混合型
001281,长安鑫利优选灵活配置混合A,主动股债混合型
519221,海富通欣益灵活配置混合C,主动股债混合型
003096,中欧医疗健康混合C,主动股债混合型
001791,大成绝对收益策略混合A,主动股债混合型
519616,银河君信灵活配置混合A,主动股债混合型
000947,德邦新动力灵活配置混合A,主动股债混合型
001571,嘉合磐石混合A,主动股债混合型
003026,安信新价值灵活配置混合A,主动股债混合型
002435,中银宏利灵活配置混合C,主动股债混合型
003345,安信新成长灵活配置混合A,主动股债混合型
003030,安信新目标灵活配置混合A,主动股债混合型
001607,英大策略优选混合A,主动股债混合型
003057,建信瑞盛添利混合A,主动股债混合型
002099,富兰克林国海新活力灵活混合A,主动股债混合型
002699,华夏新起航灵活配置混合A,主动股债混合型
002835,华夏新锦泰灵活配置混合A,主动股债混合型
003191,创金合信鑫回报灵活混合C,主动股债混合型
002833,华夏新锦绣灵活配置混合A,主动股债混合型
003272,国联安鑫瑞混合C,主动股债混合型
003247,泰达宏利启智灵活配置混合A,主动股债混合型
003170,长盛盛辉混合C,主动股债混合型
003257,信诚至益混合C,主动股债混合型
003118,光大吉鑫灵活配置混合C,主动股债混合型
003231,创金合信鑫动力灵活混合C,主动股债混合型
003106,光大永鑫灵活配置混合C,主动股债混合型
002033,华安新财富灵活配置混合A,主动股债混合型
003235,信诚至利混合C,主动股债混合型
003373,大成景禄灵活配置混合A,主动股债混合型
003036,广发安祥回报灵活配置混合C,主动股债混合型
003233,创金合信鑫价值灵活混合C,主动股债混合型
002515,招商丰益灵活配置混合C,主动股债混合型
003063,银华通利灵活配置混合C,主动股债混合型
002582,招商丰凯灵活配置混合C,主动股债混合型
002728,华富益鑫灵活配置混合A,主动股债混合型
003282,信诚至裕灵活配置混合A,主动股债混合型
002538,招商丰嘉灵活配置混合A,主动股债混合型
002671,万家瑞旭灵活配置混合C,主动股债混合型
002540,招商丰和灵活配置混合A,主动股债混合型
002575,招商丰睿灵活配置混合A,主动股债混合型
002517,招商丰达灵活配置混合C,主动股债混合型
002627,招商丰源灵活配置混合C,主动股债混合型
002822,招商丰乐灵活配置混合C,主动股债混合型
003411,鹏华弘康灵活配置混合A,主动股债混合型
002114,富兰克林国海新收益灵活混合A,主动股债混合型
003344,鹏华弘惠灵活配置混合C,主动股债混合型
519621,银河君荣灵活配置混合I,主动股债混合型
003141,鹏华弘腾灵活配置混合C,主动股债混合型
003120,博时鑫源灵活配置混合C,主动股债混合型
002874,华夏新锦福灵活配置混合C,主动股债混合型
002839,华夏新锦程灵活配置混合C,主动股债混合型
002872,华夏新锦源灵活配置混合C,主动股债混合型
002876,华夏新锦安灵活配置混合C,主动股债混合型
003143,鹏华弘达灵活配置混合C,主动股债混合型
001306,中欧永裕混合A,主动股债混合型
090008,大成强化收益定开债券,主动股债混合型
485111,工银双利A,主动股债混合型
110007,易方达稳健收益A,主动股债混合型
519989,长信利丰债券,主动股债混合型
530017,建信双息A,主动股债混合型
163811,中银双利A,主动股债混合型
110027,易方达安心回报A,主动股债混合型
690002,民生强债A,主动股债混合型
420002,天弘永利A,主动股债混合型
160612,鹏华丰收,主动股债混合型
485114,工银添颐A,主动股债混合型
206008,鹏华丰盛,主动股债混合型
620003,金元丰利,主动股债混合型
121012,国投强债A/B,主动股债混合型
001011,华夏希望A,主动股债混合型
070020,嘉实收益,主动股债混合型
050011,博时信用债A/B,主动股债混合型
202105,南方广利A/B,主动股债混合型
530009,建信收益A,主动股债混合型
202101,南方宝元,主动股债混合型
450005,国富债券A,主动股债混合型
180025,银华双利A,主动股债混合型
519030,海富稳固,主动股债混合型
162210,泰达集利A,主动股债混合型
213007,宝盈收益A/B,主动股债混合型
200009,长城增利,主动股债混合型
519683,交银双利A/B,主动股债混合型
180015,银华收益,主动股债混合型
320008,诺安增利A,主动股债混合型
217008,招商增利,主动股债混合型
550004,信诚债券A,主动股债混合型
395011,中海强债A,主动股债混合型
151002,银河收益,主动股债混合型
180029,银华永泰A,主动股债混合型
050016,博时回报A/B,主动股债混合型
100035,富国优化A/B,主动股债混合型
573003,诺德增强收益,主动股债混合型
165509,信诚增强,主动股债混合型
121001,融华债券,主动股债混合型
040012,华安强债A,主动股债混合型
080003,长盛积债,主动股债混合型
217018,招商进取,主动股债混合型
166010,中欧鼎利债券(母),主动股债混合型
630007,华商稳健A,主动股债混合型
630009,华商增利A,主动股债混合型
161902,万家债券,主动股债混合型
240012,华宝强债A,主动股债混合型
100051,富国转债,主动股债混合型
080009,长盛同禧债A,主动股债混合型
040022,华安转债A,主动股债混合型
050019,博时转债A,主动股债混合型
050023,博时天颐A,主动股债混合型
206003,鹏华增利A,主动股债混合型
070015,嘉实多元A,主动股债混合型
310508,申万稳益宝,主动股债混合型
020019,国泰双利A,主动股债混合型
360013,光大添益A,主动股债混合型
163816,中银转债A,主动股债混合型
470058,添富转债A,主动股债混合型
160718,嘉实多利(母),主动股债混合型
660009,农银强债A,主动股债混合型
310518,申万可转债,主动股债混合型
519111,浦银收益A,主动股债混合型
519519,华泰增利A,主动股债混合型
090017,大成可转债,主动股债混合型
290003,泰信债券,主动股债混合型
582001,东吴优信A,主动股债混合型
519671,银河300价值,被动偏股型
162213,泰达大盘指数,被动偏股型
161816,银华中证等权重90(母),被动偏股型
510420,180EWETF,被动偏股型
180033,银华上证50等权ETF联接,被动偏股型
510430,银华上证50等权ETF,被动偏股型
263001,180等权联接,被动偏股型
163821,中银300E,被动偏股型
161718,招商300高贝(母),被动偏股型
510300,华泰300ETF,被动偏股型
510180,180ETF,被动偏股型
159919,嘉实300ETF,被动偏股型
510330,华夏沪深300ETF,被动偏股型
160706,嘉实300联接,被动偏股型
000051,华夏300ETF联接,被动偏股型
110003,易方达50指数,被动偏股型
050002,博时沪深300A,被动偏股型
510310,易方达HS300ETF,被动偏股型
110020,易方达HS300联接,被动偏股型
040002,华安MSCI,被动偏股型
180003,银华88,被动偏股型
481009,工银300,被动偏股型
519300,大成300,被动偏股型
020011,国泰300,被动偏股型
519180,万家180,被动偏股型
100038,富国300,被动偏股型
270010,广发沪深300ETF联接A,被动偏股型
510360,广发沪深300ETF,被动偏股型
000961,天弘沪深300指数,被动偏股型
159925,南方300ETF,被动偏股型
202015,南方300联接,被动偏股型
660008,农银300,被动偏股型
460300,沪深300ETF联接,被动偏股型
161607,融通巨潮,被动偏股型
519686,交银治理,被动偏股型
165515,信诚沪深300指数(母),被动偏股型
510010,治理ETF,被动偏股型
200002,长城久泰,被动偏股型
502048,易方达上证50(母),被动偏股型
310318,沪深300增强,被动偏股型
165309,建信300,被动偏股型
000311,沪深300指数增强基金,被动偏股型
001051,华夏上证50ETF联接,被动偏股型
040180,180ETF联接,被动偏股型
240014,华宝100,被动偏股型
163407,兴全300,被动偏股型
110030,易方达沪深300量化增强,被动偏股型
512990,MSCI中国A股ETF,被动偏股型
519100,长盛100,被动偏股型
000176,嘉实沪深300,被动偏股型
001015,华夏沪深300指数增强A,被动偏股型
163808,中银100,被动偏股型
000368,汇添富沪深300安中动态策略指数,被动偏股型
160615,鹏华300,被动偏股型
162509,国联安双禧100(母),被动偏股型
000613,国寿安保沪深300指数,被动偏股型
450008,国富300,被动偏股型
510710,博时上证50ETF,被动偏股型
310398,申万沪深300,被动偏股型
162307,海富100,被动偏股型
161811,银华300(母),被动偏股型
159942,华润中创100ETF,被动偏股型
320010,诺安100,被动偏股型
399001,中海上证50,被动偏股型
161207,国投瑞银沪深300(母),被动偏股型
000312,华安沪深300增强A,被动偏股型
000975,MSCI中国A股ETF联接,被动偏股型
000835,华润富时中国,被动偏股型
001237,博时上证50ETF联接,被动偏股型
164508,富兰克林国海中证100(母),被动偏股型
530018,建信深100,被动偏股型
159912,深300ETF,被动偏股型
519116,浦银300,被动偏股型
213010,宝盈中证100,被动偏股型
166007,中欧300A,被动偏股型
159924,沪深300等权重ETF,被动偏股型
700002,平安深300,被动偏股型
166802,浙商沪深300指数(母),被动偏股型
290010,泰信200,被动偏股型
160807,长盛300,被动偏股型
000656,前海开源沪深300指数,被动偏股型
233010,大摩300,被动偏股型
159923,大成100ETF,被动偏股型
161507,银河沪深300(母),被动偏股型
410008,华富中证100,被动偏股型
001548,天弘上证50指数A,被动偏股型
502040,长盛上证50(母),被动偏股型
167601,国金沪深300(母),被动偏股型
160417,华安沪深300(母),被动偏股型
159927,鹏华300ETF,被动偏股型
502020,国金上证50(母),被动偏股型
160808,长盛同瑞中证200(母),被动偏股型
001586,天弘中证100指数A,被动偏股型
003015,中金沪深300型发起式,被动偏股型
002310,创金合信沪深300A,被动偏股型
510680,万家上证50ETF,被动偏股型
740101,长安沪深300非周期,被动偏股型
510280,成长ETF,被动偏股型
240019,180成长ETF联接,被动偏股型
519677,银河定投宝腾讯济安价值100A股,被动偏股型
510020,超大ETF,被动偏股型
050013,超大ETF联接,被动偏股型
510030,价值ETF,被动偏股型
240016,180价值ETF联接,被动偏股型
161825,银华800(母),被动偏股型
470007,添富上证综指,被动偏股型
160806,长盛同庆(母),被动偏股型
510210,综指ETF,被动偏股型
100053,综指ETF联接,被动偏股型
001588,天弘中证800指数A,被动偏股型
090012,40ETF联接,被动偏股型
159906,深成长,被动偏股型
163209,诺安中证创业成长(母),被动偏股型
162907,泰信基本面400(母),被动偏股型
510050,50ETF,被动偏股型
510500,500ETF,被动偏股型
161022,富国创业(母),被动偏股型
159915,创业板,被动偏股型
160119,南方500ETF联接,被动偏股型
159902,中小板,被动偏股型
162711,广发中证500ETF联接,被动偏股型
510510,广发中证500ETF,被动偏股型
161223,国投瑞泽中证创业成长,被动偏股型
159922,嘉实中证500ETF,被动偏股型
110026,创业ETF联接,被动偏股型
512500,华夏中证500ETF,被动偏股型
000962,天弘中证500指数,被动偏股型
001052,华夏中证500ETF联接,被动偏股型
160420,华安创业板50(母),被动偏股型
000008,嘉实中证500ETF联接,被动偏股型
512103,南方中证1000ETF,被动偏股型
501023,鹏华港股通中证香港中小企,被动偏股型
163111,申万菱信中小板(母),被动偏股型
161613,融通创业板,被动偏股型
161017,富国500,被动偏股型
000478,建信中证500指数增强,被动偏股型
001592,天弘创业板指数A,被动偏股型
512510,华泰中证500ETF,被动偏股型
161118,易基中小(母),被动偏股型
160637,鹏华创业板(母),被动偏股型
165511,信诚中证500(母),被动偏股型
159907,中小300,被动偏股型
160616,鹏华500,被动偏股型
510560,国寿安保中证500ETF,被动偏股型
160516,博时中证800证券保险(母),被动偏股型
270026,300ETF联接,被动偏股型
001241,国寿安保中证500ETF联接,被动偏股型
159949,华安创业板50ETF,被动偏股型
001214,华泰中证500ETF联接,被动偏股型
070030,400ETF联接,被动偏股型
001351,诺安中证500ETF联接,被动偏股型
510520,诺安500,被动偏股型
159918,中创400,被动偏股型
159948,南方创业板ETF,被动偏股型
162413,华宝中证1000(母),被动偏股型
512310,中证500工业指数ETF,被动偏股型
660011,农银500,被动偏股型
159935,景顺500,被动偏股型
001455,景顺中证500ETF联接,被动偏股型
162216,泰达宏利中证500(母),被动偏股型
002656,南方创业板ETF联接,被动偏股型
164809,工银中证500(母),被动偏股型
002510,申万菱信中证500指数增强,被动偏股型
510440,中证500沪市ETF,被动偏股型
159932,500深ETF,被动偏股型
161910,万家中证创业成长(母),被动偏股型
162010,长城久兆300(母),被动偏股型
510220,中小ETF,被动偏股型
162510,国联安双力中小板(母),被动偏股型
460220,中小盘ETF联接,被动偏股型
003016,中金中证500型发起式,被动偏股型
002311,创金合信中证500A,被动偏股型
410010,华富中小板,被动偏股型
510580,易方达中证500ETF,被动偏股型
159913,深价值,被动偏股型
519706,交银深300联接,被动偏股型
110021,方达ETF联接,被动偏股型
530015,深60ETF联接,被动偏股型
159916,深F60,被动偏股型
159910,深F120,被动偏股型
070023,深120ETF联接,被动偏股型
159908,深F200,被动偏股型
050021,深200ETF联接,被动偏股型
160809,长盛同辉(母),被动偏股型
159921,诺安中小板等权重ETF,被动偏股型
161812,银华深证100(母),被动偏股型
159901,深100ETF,被动偏股型
163109,申万菱信深证成指(母),被动偏股型
110019,深100ETF联接,被动偏股型
161227,国投瑞福深证100指数,被动偏股型
159903,深成ETF,被动偏股型
159943,大成深证成份ETF,被动偏股型
510290,380ETF,被动偏股型
510130,中盘ETF,被动偏股型
202025,南方380ETF联接,被动偏股型
161612,融通深成,被动偏股型
590007,中邮380,被动偏股型
162714,广发深证100(母),被动偏股型
470068,深300ETF联接,被动偏股型
217016,招商深证100,被动偏股型
001713,华润中创100ETF联接,被动偏股型
660014,农银深证100,被动偏股型
164811,睿智深证100(母),被动偏股型
160415,华安S300,被动偏股型
165707,诺德S300(母),被动偏股型
165806,东吴100,被动偏股型
161024,富国军工(母),被动偏股型
160630,鹏华国防(母),被动偏股型
161720,招商中证证券(母),被动偏股型
163113,申万菱信中证申万证券行业(母),被动偏股型
164402,前海开源中航军工(母),被动偏股型
160219,国泰医药(母),被动偏股型
161025,富国互联(母),被动偏股型
160631,鹏华中证银行(母),被动偏股型
161027,富国中证全指证券公司(母),被动偏股型
510230,金融ETF,被动偏股型
163115,申万军工(母),被动偏股型
165521,信诚金融(母),被动偏股型
160218,国泰房地产(母),被动偏股型
168203,中融国证钢铁行业(母),被动偏股型
160221,国泰国证有色金属行业(母),被动偏股型
161725,招商中证白酒(母),被动偏股型
163114,申万环保(母),被动偏股型
160625,鹏华证保(母),被动偏股型
163118,申万菱信中证申万医药生物(母),被动偏股型
168204,中融中证煤炭(母),被动偏股型
160222,国泰食品(母),被动偏股型
000248,汇添富中证主要消费ETF联接,被动偏股型
160629,鹏华传媒(母),被动偏股型
000596,前海开源中证军工指数A,被动偏股型
512070,非银ETF,被动偏股型
159928,汇添富中证主要消费ETF,被动偏股型
000950,易方达沪深300非银行金融ETF联接,被动偏股型
001064,广发中证环保产业指数A,被动偏股型
160633,鹏华中证全指证券公司(母),被动偏股型
512680,广发中证军工ETF,被动偏股型
161029,富国中证银行(母),被动偏股型
502003,易方达军工(母),被动偏股型
160639,鹏华中证高铁产业(母),被动偏股型
160418,华安中证银行(母),被动偏股型
159938,广发医药ETF,被动偏股型
001180,广发中证全指医药卫生ETF联接A,被动偏股型
512000,华宝中证全指证券公司ETF,被动偏股型
001361,景顺中证TMT150ETF联接,被动偏股型
161032,富国中证煤炭(母),被动偏股型
512220,景顺中证TMT150,被动偏股型
020021,金融ETF联接,被动偏股型
512810,华宝中证军工ETF,被动偏股型
161726,招商国证生物医药(母),被动偏股型
165522,信诚TMT(母),被动偏股型
160632,鹏华中证酒(母),被动偏股型
161723,招商中证银行(母),被动偏股型
502010,易方达证券公司(母),被动偏股型
001133,广发中证全指可选消费ETF联接A,被动偏股型
161724,招商中证煤炭等权(母),被动偏股型
159939,广发信息技术ETF,被动偏股型
161211,国投金融联接,被动偏股型
160620,中证资源(母),被动偏股型
159936,广发中证全指ETF,被动偏股型
159933,国投金融地产ETF,被动偏股型
160628,鹏华地产(母),被动偏股型
160626,鹏华信息(母),被动偏股型
161628,融通中证军工(母),被动偏股型
164818,工银中证传媒(母),被动偏股型
160814,长盛中证金融地产(母),被动偏股型
168205,中融中证银行(母),被动偏股型
164304,新华环保(母),被动偏股型
161721,招商300地产(母),被动偏股型
502053,长盛中证全指证券公司(母),被动偏股型
000059,国联安中证医药100,被动偏股型
512660,国泰中证军工ETF,被动偏股型
000942,广发中证全指ETF联接A,被动偏股型
165519,信诚医药(母),被动偏股型
160224,国泰深证TMT50(母),被动偏股型
167301,方正富邦中证保险主题(母),被动偏股型
512880,国泰中证全指证券公司ETF,被动偏股型
160634,鹏华中证环保产业(母),被动偏股型
165520,信诚有色(母),被动偏股型
510630,华夏消费ETF,被动偏股型
163116,申万中证申万电子行业投资(母),被动偏股型
160419,华安中证全指证券公司(母),被动偏股型
002900,南方中证500信息技术ETF联接,被动偏股型
512330,中证500信息技术ETF,被动偏股型
160135,南方中证高铁产业(母),被动偏股型
161629,融通中证全指证券公司(母),被动偏股型
161819,银华中证内地资源(母),被动偏股型
164819,工银中证环保产业(母),被动偏股型
502023,鹏华国证钢铁行业(母),被动偏股型
160517,博时中证银行(母),被动偏股型
510150,消费ETF,被动偏股型
163117,申万中证申万传媒行业投资(母),被动偏股型
159940,广发中证全指金融地产ETF,被动偏股型
217017,80ETF联接,被动偏股型
161217,国投资源,被动偏股型
510660,华夏医药ETF,被动偏股型
502056,广发中证医疗(母),被动偏股型
159945,广发中证全指能源ETF,被动偏股型
161121,易方达银行(母),被动偏股型
159929,汇添富中证医药卫生ETF,被动偏股型
159944,广发中证全指原材料ETF,被动偏股型
159909,深TMT,被动偏股型
217019,深TMT联接,被动偏股型
512340,中证500原材料指数ETF,被动偏股型
510410,资源ETF,被动偏股型
164820,工银中证高铁产业(母),被动偏股型
690008,民生内地资源,被动偏股型
512210,景顺中证800ETF,被动偏股型
512120,华安中证细分医药ETF,被动偏股型
512300,南方500医药ETF,被动偏股型
161213,国投消费,被动偏股型
165316,建信中证申万有色金属（母）,被动偏股型
159946,广发中证全指主要消费ETF,被动偏股型
512230,景顺中证医药ETF,被动偏股型
510650,华夏金融ETF,被动偏股型
001552,天弘中证证券保险指数A,被动偏股型
512640,金融地产,被动偏股型
001539,嘉实中证金融地产ETF联接,被动偏股型
001631,天弘中证食品饮料指数A,被动偏股型
502030,中海中证高铁产业(母),被动偏股型
001550,天弘中证医药100指数A,被动偏股型
001460,广发中证全指能源ETF联接A,被动偏股型
003017,广发中证军工ETF发起式联接,被动偏股型
001469,广发中证全指金融地产ETF联接A,被动偏股型
160635,鹏华中证医药卫生指数,被动偏股型
159931,汇添富中证金融地产ETF,被动偏股型
000373,华安医药联接A,被动偏股型
001629,天弘中证计算机指数A,被动偏股型
001554,天弘中证全指运输指数A,被动偏股型
512010,易方达沪深300医药ETF,被动偏股型
050024,资源ETF联接,被动偏股型
001458,广发中证全指主要消费ETF联接A,被动偏股型
512610,医药卫生,被动偏股型
001590,天弘中证环保产业指数A,被动偏股型
001556,天弘中证全指房地产指数A,被动偏股型
001459,广发中证全指原材料ETF联接A,被动偏股型
001594,天弘中证银行指数A,被动偏股型
001617,天弘中证电子指数A,被动偏股型
512600,主要消费,被动偏股型
159930,汇添富中证能源ETF,被动偏股型
161715,招商中证大宗商品(母),被动偏股型
510170,商品ETF,被动偏股型
257060,大宗ETF联接,被动偏股型
001558,天弘中证大宗商品股票指数A,被动偏股型
001113,南方大数据100指数,被动偏股型
001242,博时中证淘金大数据100A,被动偏股型
160716,嘉实50,被动偏股型
000826,广发百发100A,被动偏股型
519117,浦银400,被动偏股型
002588,博时中证银联智惠大数据100,被动偏股型
000060,国联安股债动态指数,被动偏股型
164908,交银中证环境治理指数,被动偏股型
540012,汇丰恒生指数A,被动偏股型
161026,富国国企改革(母),被动偏股型
510810,中证上海国企ETF,被动偏股型
161028,富国中证新能源汽车(母),被动偏股型
161031,富国中证工业4.0(母),被动偏股型
003194,中证上海国企ETF联接,被动偏股型
161123,易方达并购重组(母),被动偏股型
164401,前海开源中证健康产业(母),被动偏股型
001420,南方大数据300指数A,被动偏股型
164905,交银国证新能源(母),被动偏股型
502013,长盛中证申万一带一路主题(母),被动偏股型
167503,安信中证一带一路主题(母),被动偏股型
501005,汇添富中证精准医疗主题A,被动偏股型
165315,建信中证互联网金融（母）,被动偏股型
162412,华宝中证医疗(母),被动偏股型
502006,易方达国企改革(母),被动偏股型
202021,南方小康,被动偏股型
510880,红利ETF,被动偏股型
510160,小康ETF,被动偏股型
100032,富国红利,被动偏股型
160638,鹏华中证一带一路主题(母),被动偏股型
160136,南方中证国有企业改革(母),被动偏股型
161030,富国中证体育产业(母),被动偏股型
165312,建信央视50(母),被动偏股型
168201,中融中证一带一路主题(母),被动偏股型
160137,南方中证互联网(母),被动偏股型
165523,信诚中证信息安全(母),被动偏股型
159905,深红利,被动偏股型
161122,易方达生物科技(母),被动偏股型
510060,央企ETF,被动偏股型
160636,鹏华中证移动互联网(母),被动偏股型
164907,交银中证互联网金融(母),被动偏股型
481012,红利ETF联接,被动偏股型
000968,广发中证养老产业指数A,被动偏股型
160225,国泰国证新能源汽车指数,被动偏股型
165524,信诚中证智能家居(母),被动偏股型
585001,东吴产业,被动偏股型
168001,国寿安保中证养老产业,被动偏股型
510190,龙头ETF,被动偏股型
001899,东海中证社会发展安全产业主题,被动偏股型
040190,龙头ETF联接,被动偏股型
001027,前海开源中证大农业指数增强,被动偏股型
530010,建信责任ETF联接,被动偏股型
002236,大成中证360互联网+大数据100,被动偏股型
502036,大成中证互联网金融(母),被动偏股型
510090,责任ETF,被动偏股型
090010,大成红利,被动偏股型
001397,建信精工制造指数增强,被动偏股型
510260,新兴ETF,被动偏股型
510070,民企ETF,被动偏股型
206005,民企ETF联接,被动偏股型
320014,新兴ETF联接,被动偏股型
217027,央视财经50,被动偏股型
160640,鹏华中证新能源(母),被动偏股型
159911,民营ETF,被动偏股型
161033,富国中证智能汽车指数,被动偏股型
164821,工银中证新能源(母),被动偏股型
206010,民营ETF联接,被动偏股型
161907,万家红利,被动偏股型
000042,财通指数100,被动偏股型
510110,周期ETF,被动偏股型
502026,鹏华新丝路(母),被动偏股型
510120,非周ETF,被动偏股型
519027,周期ETF联接,被动偏股型
519034,海富通中证内地低碳指数,被动偏股型
001599,天弘中证高端装备制造指数A,被动偏股型
001560,天弘中证移动互联网指数A,被动偏股型
510270,国企ETF,被动偏股型
519032,非周期ETF联接,被动偏股型
161630,融通中证大农业指数,被动偏股型
502016,长信中证一带一路主题(母),被动偏股型
001611,天弘中证休闲娱乐指数A,被动偏股型
165525,信诚中证基建工程指数,被动偏股型
501002,长信中证能源互联网主题指数,被动偏股型
511220,城投ETF,被动偏债型
001021,华夏亚债A,被动偏债型
003358,易方达中债7-10年期国开行债券,被动偏债型
003376,广发中债7-10年期国开行债券A,被动偏债型
160720,嘉实中证中期企业债指数A,被动偏债型
511010,国债ETF,被动偏债型
161821,银华中证中票50指数A,被动偏债型
161119,易方达中债新综指(LOF)A,被动偏债型
161826,银华转债(母),被动偏债型
160123,南方中债10年期国债指数A,被动偏债型
159926,嘉实中证中期国债ETF,被动偏债型
001512,易方达中债3-5年国债指数,被动偏债型
002805,浙商汇金聚利1年定开债A,被动偏债型
167701,德邦德信(母),被动偏债型
003377,广发中债7-10年期国开行债券C,被动偏债型
511210,上证企债30ETF,被动偏债型
165809,东吴转债(母),被动偏债型
000022,南方中票A,被动偏债型
000087,嘉实中证金边中期国债ETF联接A,被动偏债型
020035,国债ETF联接A,被动偏债型
510080,长盛债券,被动偏债型
161624,融通标普中国可转债指数A类,被动偏债型
184801,鹏华前海万科REITs封闭式混合,另类性基金
518880,华安黄金ETF,另类性基金
159937,博时黄金ETF,另类性基金
159934,易方达黄金ETF,另类性基金
000307,易方达黄金交易ETF联接A,另类性基金
000216,华安黄金易(ETF联接)A,另类性基金
518800,国泰黄金ETF,另类性基金
161226,国投白银期货,另类性基金
000218,国泰黄金交易ETF链接,另类性基金
002610,博时黄金交易ETF联接A,另类性基金
000009,易方达天天A,货币市场基金
000010,易方达天天B,货币市场基金
000013,易方达天天R,货币市场基金
000037,广发理财7天A,货币市场基金
000038,广发理财7天B,货币市场基金
000089,民生加银家盈月度A,货币市场基金
000090,民生加银家盈月度B,货币市场基金
000198,天弘余额宝,货币市场基金
000203,国富日日收益A,货币市场基金
000204,国富日日收益B,货币市场基金
000210,光大现金宝A,货币市场基金
000211,光大现金宝B,货币市场基金
000300,德邦德利货币A,货币市场基金
000301,德邦德利货币B,货币市场基金
000322,农银汇理14天理财A,货币市场基金
000323,农银汇理14天理财B,货币市场基金
000324,华润元大现金收益A,货币市场基金
000325,华润元大现金收益B,货币市场基金
000330,汇添富现金宝,货币市场基金
000331,中加货币A,货币市场基金
000332,中加货币C,货币市场基金
000343,华夏财富宝A,货币市场基金
000353,华夏现金增利E,货币市场基金
000359,易方达易理财,货币市场基金
000366,汇添富添富通A,货币市场基金
000371,民生加银现金宝,货币市场基金
000379,平安大华日增利,货币市场基金
000380,景顺长城景益货币A,货币市场基金
000381,景顺长城景益货币B,货币市场基金
000389,广发天天红A,货币市场基金
000397,汇添富全额宝,货币市场基金
000424,长盛添利宝A,货币市场基金
000425,长盛添利宝B,货币市场基金
000434,新华壹诺宝A,货币市场基金
000439,国金鑫盈货币,货币市场基金
000464,嘉实活期宝,货币市场基金
000475,广发天天利A,货币市场基金
000476,广发天天利B,货币市场基金
000483,鑫元货币A,货币市场基金
000484,鑫元货币B,货币市场基金
000485,嘉实1个月理财A,货币市场基金
000486,嘉实1个月理财E,货币市场基金
000487,嘉实3个月理财A,货币市场基金
000488,嘉实3个月理财E,货币市场基金
000493,南方现金通A,货币市场基金
000494,南方现金通B,货币市场基金
000495,南方现金通C,货币市场基金
000505,国寿安保货币A,货币市场基金
000506,国寿安保货币B,货币市场基金
000509,广发钱袋子,货币市场基金
000528,工银瑞信薪金A,货币市场基金
000533,永赢货币,货币市场基金
000539,中银活期宝,货币市场基金
000540,国金金腾通A,货币市场基金
000542,上银慧财宝A,货币市场基金
000543,上银慧财宝B,货币市场基金
000559,诺安天天宝A,货币市场基金
000560,诺安天天宝E,货币市场基金
000569,鹏华增值宝,货币市场基金
000575,兴全添利宝,货币市场基金
000576,中邮货币A,货币市场基金
000580,中邮货币B,货币市场基金
000581,嘉实活钱包A,货币市场基金
000588,招商招钱宝A,货币市场基金
000599,信诚薪金宝,货币市场基金
000600,汇添富和聚宝,货币市场基金
000602,富国收益宝,货币市场基金
000604,银华多利宝A,货币市场基金
000605,银华多利宝B,货币市场基金
000607,招商招钱宝B,货币市场基金
000615,长城工资宝,货币市场基金
000618,嘉实薪金宝,货币市场基金
000620,易方达现金增利A,货币市场基金
000621,易方达现金增利B,货币市场基金
000625,诺安天天宝B,货币市场基金
000626,大成丰财宝A,货币市场基金
000627,大成丰财宝B,货币市场基金
000638,富国富钱包,货币市场基金
000640,诺安理财宝A,货币市场基金
000641,诺安理财宝B,货币市场基金
000642,汇添富货币C,货币市场基金
000644,招商招金宝A,货币市场基金
000645,华夏薪金宝,货币市场基金
000647,易方达财富快线A,货币市场基金
000648,易方达财富快线B,货币市场基金
000650,汇添富货币D,货币市场基金
000651,招商招金宝B,货币市场基金
000657,银华活钱宝A,货币市场基金
000658,银华活钱宝B,货币市场基金
000659,银华活钱宝C,货币市场基金
000660,银华活钱宝D,货币市场基金
000661,银华活钱宝E,货币市场基金
000662,银华活钱宝F,货币市场基金
000665,博时现金收益B,货币市场基金
000677,工银瑞信现金快线,货币市场基金
000678,华宝兴业现金宝E,货币市场基金
000681,信达澳银慧管家A,货币市场基金
000682,信达澳银慧管家C,货币市场基金
000683,信达澳银慧管家E,货币市场基金
000685,上投摩根现金管理,货币市场基金
000686,建信嘉薪宝A,货币市场基金
000687,南方薪金宝,货币市场基金
000693,建信现金添利A,货币市场基金
000699,中银薪钱包,货币市场基金
000700,泰达宏利货币B,货币市场基金
000701,景顺长城景丰A,货币市场基金
000704,易方达天天增利A,货币市场基金
000705,易方达天天增利B,货币市场基金
000707,景顺长城景丰B,货币市场基金
000709,华安汇财通,货币市场基金
000710,交银现金宝A,货币市场基金
000712,上投摩根天添宝A,货币市场基金
000713,上投摩根天添宝B,货币市场基金
000715,民生加银家盈月度E,货币市场基金
000716,工银瑞信薪金B,货币市场基金
000719,南方现金通E,货币市场基金
000721,兴业货币A,货币市场基金
000722,兴业货币B,货币市场基金
000724,大成添利宝A,货币市场基金
000725,大成添利宝B,货币市场基金
000726,大成添利宝E,货币市场基金
000730,博时现金宝A,货币市场基金
000734,博时天天增利A,货币市场基金
000735,博时天天增利B,货币市场基金
000738,中信建投货币,货币市场基金
000740,华福货币B,货币市场基金
000741,华福货币A,货币市场基金
000748,广发活期宝A,货币市场基金
000750,安信现金增利A,货币市场基金
000758,招商招钱宝C,货币市场基金
000759,平安大华财富宝,货币市场基金
000760,工银瑞信财富快线A,货币市场基金
000764,万家货币E,货币市场基金
000771,诺安聚鑫宝A,货币市场基金
000773,万家现金宝,货币市场基金
000779,诺安聚鑫宝B,货币市场基金
000783,博时月月盈A,货币市场基金
000784,博时月月盈R,货币市场基金
000785,华融现金增利A,货币市场基金
000786,华融现金增利B,货币市场基金
000787,华融现金增利C,货币市场基金
000789,易方达龙宝A,货币市场基金
000790,易方达龙宝B,货币市场基金
000791,银华双月定期理财,货币市场基金
000797,方正富邦金小宝,货币市场基金
000808,招商招利1个月A,货币市场基金
000809,招商招利1个月B,货币市场基金
000816,南方理财金A,货币市场基金
000818,诺安天天宝C,货币市场基金
000832,天弘现金C,货币市场基金
000836,国投瑞银钱多宝A,货币市场基金
000837,国投瑞银钱多宝I,货币市场基金
000846,中融货币C,货币市场基金
000847,中融货币A,货币市场基金
000848,工银瑞信添益快线,货币市场基金
000855,上投摩根天添盈A,货币市场基金
000856,上投摩根天添盈B,货币市场基金
000857,上投摩根天添盈E,货币市场基金
000860,银华惠增利,货币市场基金
000861,长城货币E,货币市场基金
000862,富国天时货币C,货币市场基金
000863,富国天时货币D,货币市场基金
000868,国投瑞银增利宝A,货币市场基金
000869,国投瑞银增利宝B,货币市场基金
000871,北信瑞丰宜投宝A,货币市场基金
000872,北信瑞丰宜投宝B,货币市场基金
000882,中金现金管家A,货币市场基金
000883,中金现金管家B,货币市场基金
000891,博时现金宝B,货币市场基金
000895,国寿安保薪金宝,货币市场基金
000901,国开泰富货币A,货币市场基金
000902,国开泰富货币B,货币市场基金
000903,新华活期添利A,货币市场基金
000905,鹏华安盈宝,货币市场基金
000907,农银汇理红利A,货币市场基金
000908,农银汇理红利B,货币市场基金
000912,英大现金宝,货币市场基金
000917,嘉实机构快线A,货币市场基金
000918,嘉实机构快线B,货币市场基金
000919,嘉实机构快线C,货币市场基金
000920,易方达财富快线Y,货币市场基金
000921,中邮现金驿站A,货币市场基金
000922,中邮现金驿站B,货币市场基金
000923,中邮现金驿站C,货币市场基金
000980,汇添富添富通B,货币市场基金
000981,北信瑞丰现金添利A,货币市场基金
000982,北信瑞丰现金添利B,货币市场基金
001006,中信建投凤凰,货币市场基金
001010,易方达增金宝,货币市场基金
001026,诺安理财宝C,货币市场基金
001038,天弘增益宝,货币市场基金
001041,南方理财60天E,货币市场基金
001057,华夏理财30天A,货币市场基金
001058,华夏理财30天B,货币市场基金
001077,华夏现金宝A,货币市场基金
001078,华夏现金宝B,货币市场基金
001094,国投瑞银添利宝A,货币市场基金
001095,国投瑞银添利宝B,货币市场基金
001096,国寿安保聚宝盆,货币市场基金
001101,银华惠添益,货币市场基金
001134,广发天天利E,货币市场基金
001175,山西证券日日添利A,货币市场基金
001176,山西证券日日添利B,货币市场基金
001177,山西证券日日添利C,货币市场基金
001211,中欧滚钱宝,货币市场基金
001232,嘉合货币A,货币市场基金
001233,嘉合货币B,货币市场基金
001234,国金众赢,货币市场基金
001240,民生加银现金增利D,货币市场基金
001251,天弘现金D,货币市场基金
001308,博时外服货币,货币市场基金
001374,华夏现金增利B,货币市场基金
001386,天弘弘运宝A,货币市场基金
001391,天弘弘运宝B,货币市场基金
001401,德邦如意,货币市场基金
001477,泰康薪意保A,货币市场基金
001478,泰康薪意保B,货币市场基金
001497,大成月添利理财E,货币市场基金
001516,大成月月盈E,货币市场基金
001526,鑫元安鑫宝货币A,货币市场基金
001527,鑫元安鑫宝货币B,货币市场基金
001529,天弘云商宝,货币市场基金
001621,国金金腾通C,货币市场基金
001624,兴业添天盈A,货币市场基金
001625,兴业添天盈B,货币市场基金
001666,鹏华添利宝,货币市场基金
001669,诺安聚鑫宝C,货币市场基金
001693,招商招利1个月C,货币市场基金
001697,大成恒丰宝A,货币市场基金
001698,大成恒丰宝B,货币市场基金
001699,大成恒丰宝E,货币市场基金
001787,中欧骏盈A,货币市场基金
001788,中欧骏盈B,货币市场基金
001812,嘉实货币E,货币市场基金
001820,兴全天添益A,货币市场基金
001821,兴全天添益B,货币市场基金
001826,国寿安保增金宝,货币市场基金
001842,九泰日添金A,货币市场基金
001843,九泰日添金B,货币市场基金
001867,诺安聚鑫宝D,货币市场基金
001870,前海开源现金增利A,货币市场基金
001871,前海开源现金增利B,货币市场基金
001893,华宝兴业现金添益B,货币市场基金
001894,泰达宏利活期友A,货币市场基金
001895,泰达宏利活期友B,货币市场基金
001909,创金合信货币,货币市场基金
001916,新沃通宝A,货币市场基金
001925,兴业鑫天盈A,货币市场基金
001926,兴业鑫天盈B,货币市场基金
001929,华夏收益宝A,货币市场基金
001930,华夏收益宝B,货币市场基金
001931,国寿安保鑫钱包,货币市场基金
001937,华福现金增利,货币市场基金
001973,光大耀钱包A,货币市场基金
001981,富国收益宝A,货币市场基金
001982,富国收益宝B,货币市场基金
001987,东方金元宝,货币市场基金
001991,农银汇理天天利A,货币市场基金
001992,农银汇理天天利B,货币市场基金
002077,浙商日添利A,货币市场基金
002078,浙商日添利B,货币市场基金
002183,广发天天红B,货币市场基金
002184,泓德泓利A,货币市场基金
002185,泓德泓利B,货币市场基金
002195,中银机构现金管理,货币市场基金
002200,大成慧成A,货币市场基金
002201,大成慧成B,货币市场基金
002202,大成慧成E,货币市场基金
002234,泰信天天收益B,货币市场基金
002235,泰信天天收益E,货币市场基金
002240,德邦增利A,货币市场基金
002241,德邦增利B,货币市场基金
002243,东方金证通,货币市场基金
002247,新疆前海联合海盈货币A,货币市场基金
002248,新疆前海联合海盈货币B,货币市场基金
002260,中信建投添鑫宝,货币市场基金
002302,新沃通宝B,货币市场基金
002318,鹏华添利A,货币市场基金
002324,南方日添益A,货币市场基金
002325,南方日添益E,货币市场基金
002469,华泰柏瑞交易货币B,货币市场基金
002546,泰康薪意保E,货币市场基金
002646,中科沃土货币A,货币市场基金
002647,中科沃土货币B,货币市场基金
002672,诺德货币A,货币市场基金
002673,诺德货币B,货币市场基金
002679,工银瑞信安盈A,货币市场基金
002680,工银瑞信安盈B,货币市场基金
002706,民生加银现金添利,货币市场基金
002709,红塔红土人人宝A,货币市场基金
002710,红塔红土人人宝B,货币市场基金
002722,工银瑞信财富快线B,货币市场基金
002733,上银慧盈利,货币市场基金
002747,中欧货币C,货币市场基金
002748,中欧货币D,货币市场基金
002753,建信嘉薪宝B,货币市场基金
002758,建信现金增利货币,货币市场基金
002759,东兴安盈宝A,货币市场基金
002760,东兴安盈宝B,货币市场基金
002788,融通现金宝,货币市场基金
002828,南方现金增利E,货币市场基金
002829,南方现金增利F,货币市场基金
002847,天弘现金E,货币市场基金
002852,招商财富宝A,货币市场基金
002855,博时现金宝C,货币市场基金
002883,华润元大现金通A,货币市场基金
002884,华润元大现金通B,货币市场基金
002889,交银天利宝货币A,货币市场基金
002890,交银天利宝货币E,货币市场基金
002894,华夏天利货币A,货币市场基金
002895,华夏天利货币B,货币市场基金
002912,兴业稳天盈货币,货币市场基金
002917,嘉实活钱包E,货币市场基金
002918,交银现金宝E,货币市场基金
002957,财通财通宝A,货币市场基金
002958,财通财通宝B,货币市场基金
002960,博时合利货币,货币市场基金
003002,国金及第七天理财,货币市场基金
003003,华夏现金增利A,货币市场基金
003022,建信现金添益A,货币市场基金
003034,平安大华交易货币A,货币市场基金
003042,交银活期通A,货币市场基金
003043,交银活期通E,货币市场基金
003075,中融货币E,货币市场基金
003164,建信现金添利B,货币市场基金
003171,信达澳银慧理财,货币市场基金
003185,建信货币B,货币市场基金
003206,博时合鑫货币,货币市场基金
003228,浦银安盛日日鑫A,货币市场基金
003229,浦银安盛日日鑫B,货币市场基金
003246,华泰柏瑞天添宝货币A,货币市场基金
003252,大成添益A,货币市场基金
003253,大成添益B,货币市场基金
003264,新华活期添利B,货币市场基金
003267,新华壹诺宝B,货币市场基金
003281,广发活期宝B,货币市场基金
003316,中银证券现金管家A,货币市场基金
003317,中银证券现金管家B,货币市场基金
003363,长江乐享A,货币市场基金
003364,长江乐享B,货币市场基金
003365,长江乐享C,货币市场基金
003391,建信天添益A,货币市场基金
003392,建信天添益B,货币市场基金
003393,建信天添益C,货币市场基金
003398,太平日日金A,货币市场基金
003399,太平日日金B,货币市场基金
003402,安信活期宝A,货币市场基金
003422,国寿安保添利A,货币市场基金
003423,国寿安保添利B,货币市场基金
003430,兴业14天理财A,货币市场基金
003431,兴业14天理财B,货币市场基金
003460,嘉实现金宝,货币市场基金
003465,平安大华金管家,货币市场基金
003467,富荣货币A,货币市场基金
003468,富荣货币B,货币市场基金
003473,南方天天利A,货币市场基金
003474,南方天天利B,货币市场基金
003478,民生加银腾元宝,货币市场基金
003479,财通资管鑫管家A,货币市场基金
003480,财通资管鑫管家B,货币市场基金
003481,光大耀钱包B,货币市场基金
003482,交银天鑫宝A,货币市场基金
003483,交银天鑫宝E,货币市场基金
003506,德邦现金宝A,货币市场基金
003507,德邦现金宝B,货币市场基金
003515,国泰利是宝,货币市场基金
003525,华福现金收益,货币市场基金
003534,浦银安盛日日丰A,货币市场基金
003535,浦银安盛日日丰B,货币市场基金
003536,浦银安盛日日丰D,货币市场基金
003539,安信现金增利B,货币市场基金
003585,先锋现金宝,货币市场基金
003588,东吴增鑫宝A,货币市场基金
003589,东吴增鑫宝B,货币市场基金
003678,中融现金增利A,货币市场基金
003679,中融现金增利C,货币市场基金
003711,泰达宏利京元宝A,货币市场基金
003712,泰达宏利京元宝B,货币市场基金
003752,工银瑞信如意A,货币市场基金
003753,工银瑞信如意B,货币市场基金
003816,银华交易货币B,货币市场基金
003871,华泰柏瑞天添宝货币B,货币市场基金
003874,浙商日添金A,货币市场基金
003875,浙商日添金B,货币市场基金
003968,交银天益宝A,货币市场基金
003969,交银天益宝E,货币市场基金
004039,中欧骏泰,货币市场基金
004060,博时兴盛,货币市场基金
004077,金信民发货币A,货币市场基金
004078,金信民发货币B,货币市场基金
004167,安信活期宝B,货币市场基金
004201,华夏财富宝B,货币市场基金
020007,国泰货币,货币市场基金
020031,国泰现金管理A,货币市场基金
020032,国泰现金管理B,货币市场基金
040003,华安现金富利A,货币市场基金
040028,华安月月鑫A,货币市场基金
040029,华安月月鑫B,货币市场基金
040030,华安季季鑫A,货币市场基金
040031,华安季季鑫B,货币市场基金
040033,华安月安鑫A,货币市场基金
040034,华安月安鑫B,货币市场基金
040038,华安日日鑫A,货币市场基金
040039,华安日日鑫B,货币市场基金
041003,华安现金富利B,货币市场基金
050003,博时现金收益A,货币市场基金
070008,嘉实货币A,货币市场基金
070028,嘉实安心货币A,货币市场基金
070029,嘉实安心货币B,货币市场基金
070035,嘉实理财宝7天A,货币市场基金
070036,嘉实理财宝7天B,货币市场基金
070088,嘉实货币B,货币市场基金
080011,长盛货币,货币市场基金
090005,大成货币A,货币市场基金
090021,大成月添利理财A,货币市场基金
090022,大成现金增利A,货币市场基金
090023,大成月月盈A,货币市场基金
091005,大成货币B,货币市场基金
091021,大成月添利理财B,货币市场基金
091022,大成现金增利B,货币市场基金
091023,大成月月盈B,货币市场基金
100025,富国天时货币A,货币市场基金
100028,富国天时货币B,货币市场基金
110006,易方达货币A,货币市场基金
110016,易方达货币B,货币市场基金
110050,易方达月月利A,货币市场基金
110051,易方达月月利B,货币市场基金
110052,易方达双月利A,货币市场基金
110053,易方达双月利B,货币市场基金
121011,国投瑞银货币A,货币市场基金
128011,国投瑞银货币B,货币市场基金
150005,银河银富货币A,货币市场基金
150015,银河银富货币B,货币市场基金
159001,易方达保证金A,货币市场基金
159002,易方达保证金B,货币市场基金
159003,招商保证金快线A,货币市场基金
159004,招商保证金快线B,货币市场基金
159005,汇添富收益快钱A,货币市场基金
159006,汇添富收益快钱B,货币市场基金
160606,鹏华货币A,货币市场基金
160609,鹏华货币B,货币市场基金
161608,融通易支付货币A,货币市场基金
161615,融通易支付货币B,货币市场基金
161622,融通汇财宝A,货币市场基金
161623,融通汇财宝B,货币市场基金
162206,泰达宏利货币A,货币市场基金
163802,中银货币A,货币市场基金
163820,中银货币B,货币市场基金
166014,中欧货币A,货币市场基金
166015,中欧货币B,货币市场基金
180008,银华货币A,货币市场基金
180009,银华货币B,货币市场基金
200003,长城货币A,货币市场基金
200103,长城货币B,货币市场基金
202301,南方现金增利A,货币市场基金
202302,南方现金增利B,货币市场基金
202303,南方理财14天A,货币市场基金
202304,南方理财14天B,货币市场基金
202305,南方理财60天A,货币市场基金
202306,南方理财60天B,货币市场基金
202307,南方收益宝A,货币市场基金
202308,南方收益宝B,货币市场基金
210012,金鹰货币A,货币市场基金
210013,金鹰货币B,货币市场基金
213009,宝盈货币A,货币市场基金
213909,宝盈货币B,货币市场基金
217004,招商现金增值A,货币市场基金
217014,招商现金增值B,货币市场基金
217025,招商理财7天A,货币市场基金
217026,招商理财7天B,货币市场基金
240006,华宝兴业现金宝A,货币市场基金
240007,华宝兴业现金宝B,货币市场基金
253050,国联安货币A,货币市场基金
253051,国联安货币B,货币市场基金
260102,景顺长城货币A,货币市场基金
260202,景顺长城货币B,货币市场基金
270004,广发货币A,货币市场基金
270014,广发货币B,货币市场基金
270046,广发理财30天A,货币市场基金
270047,广发理财30天B,货币市场基金
288101,华夏货币A,货币市场基金
288201,华夏货币B,货币市场基金
290001,泰信天天收益A,货币市场基金
310338,申万菱信货币A,货币市场基金
310339,申万菱信货币B,货币市场基金
320002,诺安货币A,货币市场基金
320019,诺安货币B,货币市场基金
340005,兴全货币,货币市场基金
350004,天治天得利货币,货币市场基金
360003,光大货币,货币市场基金
360019,光大添天盈A,货币市场基金
360020,光大添天盈B,货币市场基金
370010,上投摩根货币A,货币市场基金
37001B,上投摩根货币B,货币市场基金
380001,中银理财14天A,货币市场基金
380002,中银理财14天B,货币市场基金
380007,中银理财7天A,货币市场基金
380008,中银理财7天B,货币市场基金
380010,中银理财30天A,货币市场基金
380011,中银理财30天B,货币市场基金
392001,中海货币A,货币市场基金
392002,中海货币B,货币市场基金
400005,东方金账簿货币A,货币市场基金
400006,东方金账簿货币B,货币市场基金
410002,华富货币,货币市场基金
420006,天弘现金A,货币市场基金
420106,天弘现金B,货币市场基金
460006,华泰柏瑞货币A,货币市场基金
460106,华泰柏瑞货币B,货币市场基金
470014,汇添富理财14天A,货币市场基金
470030,汇添富理财30天A,货币市场基金
470060,汇添富理财60天A,货币市场基金
471007,汇添富理财7天A,货币市场基金
471014,汇添富理财14天B,货币市场基金
471030,汇添富理财30天B,货币市场基金
471060,汇添富理财60天B,货币市场基金
472007,汇添富理财7天B,货币市场基金
482002,工银瑞信货币,货币市场基金
485018,工银瑞信7天理财B,货币市场基金
485020,工银瑞信14天理财B,货币市场基金
485022,工银瑞信60天理财B,货币市场基金
485118,工银瑞信7天理财A,货币市场基金
485120,工银瑞信14天理财A,货币市场基金
485122,工银瑞信60天理财A,货币市场基金
511600,华安日日鑫H,货币市场基金
511660,建信现金添益H,货币市场基金
511680,安信保证金,货币市场基金
511690,大成添益E,货币市场基金
511700,平安大华交易货币E,货币市场基金
511760,德邦现金宝E,货币市场基金
511800,易方达货币E,货币市场基金
511810,南方理财金H,货币市场基金
511820,鹏华添利B,货币市场基金
511830,华泰柏瑞交易货币A,货币市场基金
511850,招商财富宝E,货币市场基金
511860,博时保证金,货币市场基金
511880,银华交易货币A,货币市场基金
511890,景顺长城交易货币,货币市场基金
511900,富国收益宝H,货币市场基金
511910,融通易支付货币E,货币市场基金
511920,广发货币E,货币市场基金
511930,中融日日盈,货币市场基金
511950,广发添利,货币市场基金
511960,嘉实机构快线H,货币市场基金
511970,国寿安保货币E,货币市场基金
511980,汇添富添富通E,货币市场基金
511990,华宝兴业现金添益A,货币市场基金
519131,海富通季季增利,货币市场基金
519501,万家货币R,货币市场基金
519505,海富通货币A,货币市场基金
519506,海富通货币B,货币市场基金
519507,万家货币B,货币市场基金
519508,万家货币A,货币市场基金
519509,浦银安盛货币A,货币市场基金
519510,浦银安盛货币B,货币市场基金
519511,万家日日薪A,货币市场基金
519512,万家日日薪B,货币市场基金
519513,万家日日薪R,货币市场基金
519516,浦银安盛货币E,货币市场基金
519517,汇添富货币B,货币市场基金
519518,汇添富货币A,货币市场基金
519566,浦银安盛日日盈A,货币市场基金
519567,浦银安盛日日盈B,货币市场基金
519568,浦银安盛日日盈D,货币市场基金
519588,交银货币A,货币市场基金
519589,交银货币B,货币市场基金
519716,交银理财21天A,货币市场基金
519717,交银理财21天B,货币市场基金
519721,交银理财60天A,货币市场基金
519722,交银理财60天B,货币市场基金
519800,华夏保证金A,货币市场基金
519801,华夏保证金B,货币市场基金
519808,嘉实保证金理财A,货币市场基金
519809,嘉实保证金理财B,货币市场基金
519858,广发现金宝A,货币市场基金
519859,广发现金宝B,货币市场基金
519878,国寿安保场内申赎A,货币市场基金
519879,国寿安保场内申赎B,货币市场基金
519888,汇添富收益快线货币A,货币市场基金
519889,汇添富收益快线货币B,货币市场基金
519898,大成现金宝A,货币市场基金
519899,大成现金宝B,货币市场基金
519998,长信利息收益B,货币市场基金
519999,长信利息收益A,货币市场基金
530002,建信货币A,货币市场基金
530014,建信双周安心理财A,货币市场基金
530028,建信月盈安心理财A,货币市场基金
530029,建信双月安心A,货币市场基金
530030,建信周盈安心理财A,货币市场基金
531014,建信双周安心理财B,货币市场基金
531028,建信月盈安心理财B,货币市场基金
531029,建信双月安心B,货币市场基金
531030,建信周盈安心理财B,货币市场基金
540011,汇丰晋信货币A,货币市场基金
541011,汇丰晋信货币B,货币市场基金
550010,信诚货币A,货币市场基金
550011,信诚货币B,货币市场基金
550012,信诚理财7日盈A,货币市场基金
550013,信诚理财7日盈B,货币市场基金
560001,益民货币,货币市场基金
583001,东吴货币A,货币市场基金
583101,东吴货币B,货币市场基金
620010,金元顺安金元宝A,货币市场基金
620011,金元顺安金元宝B,货币市场基金
630012,华商现金增利A,货币市场基金
630112,华商现金增利B,货币市场基金
660007,农银汇理货币A,货币市场基金
660016,农银汇理7天理财A,货币市场基金
660107,农银汇理货币B,货币市场基金
660116,农银汇理7天理财B,货币市场基金
675031,西部利得天添鑫货币A,货币市场基金
675032,西部利得天添鑫货币B,货币市场基金
675061,西部利得天添富货币A,货币市场基金
675062,西部利得天添富货币B,货币市场基金
675071,西部利得天添金货币A,货币市场基金
675072,西部利得天添金货币B,货币市场基金
690010,民生加银现金增利A,货币市场基金
690012,民生加银家盈7天A,货币市场基金
690210,民生加银现金增利B,货币市场基金
690212,民生加银家盈7天B,货币市场基金
710501,富安达现金通货币A,货币市场基金
710502,富安达现金通货币B,货币市场基金
730003,方正富邦货币A,货币市场基金
730103,方正富邦货币B,货币市场基金
740601,长安货币A,货币市场基金
740602,长安货币B,货币市场基金
750006,安信现金管理货币A,货币市场基金
750007,安信现金管理货币B,货币市场基金
002870,兴业增益五年定开债券,主动定开债基
000200,博时岁岁增利一年定期开放债券,主动定开债基
000246,博时月月薪定期支付债券,主动定开债基
002761,博时安源18个月定开债券A,主动定开债基
002266,博时安和18个月定开债A,主动定开债基
002448,江信汇福定开债券,主动定开债基
000277,博时双月薪定期支付债券,主动定开债基
000151,诺安信用债一年定期开放债券,主动定开债基
000510,诺安永鑫收益一年定期开放,主动定开债基
519730,交银月月丰A,主动定开债基
160130,南方永利A,主动定开债基
003213,中银悦享定开债券,主动定开债基
000267,广发集利一年A,主动定开债基
000546,兴业定开债券A,主动定开债基
000086,南方稳利A,主动定开债基
002377,建信目标收益1年债券,主动定开债基
163824,中银盛利纯债,主动定开债基
000372,中银惠利纯债,主动定开债基
001019,兴业年年利定开债券,主动定开债基
000197,富国目标收益一年期,主动定开债基
000469,富国目标齐利,主动定开债基
000817,中银安心回报,主动定开债基
001246,华福长乐半年定开债券,主动定开债基
002985,中银季季红定开债券,主动定开债基
000271,中邮定期开放债券A,主动定开债基
000415,大摩纯债18个月A,主动定开债基
002476,博时安瑞18个月定开债A,主动定开债基
000329,鹏华丰饶定开债券,主动定开债基
519118,浦银幸福A类,主动定开债基
000064,大摩18个月定期开放债券,主动定开债基
000137,民生岁岁增利债券A,主动定开债基
001912,中欧强势多策略定开债券,主动定开债基
050028,博时安心收益A,主动定开债基
000235,诺安稳固收益一年定期开放债券,主动定开债基
000227,华安年年红定开债A,主动定开债基
000265,易方达恒久1年A,主动定开债基
519320,浦银安盛幸福聚利定开债A,主动定开债基
002395,鹏华丰尚定开债A,主动定开债基
002487,汇添富稳健添利定开债A,主动定开债基
002491,银华添益定开债券,主动定开债基
002552,华夏恒利6个月定开债券,主动定开债基
166904,民生加银平稳添利债券A,主动定开债基
002751,博时安恒18个月定开债A,主动定开债基
000289,鹏华丰泰A,主动定开债基
002048,博时安誉18个月定开债券,主动定开债基
160131,南方聚利A,主动定开债基
000254,长城增强收益A,主动定开债基
001859,大摩纯债稳定增值18个月定开债A,主动定开债基
002499,德邦纯债9个月定开债A,主动定开债基
001999,博时安荣18个月定开债券,主动定开债基
000116,嘉实丰益纯债定期债券,主动定开债基
000074,工银纯债一年定开A,主动定开债基
003199,长盛盛琪1年定开债A,主动定开债基
001750,景顺景瑞收益定开债券,主动定开债基
070033,嘉实增强收益定期债券A,主动定开债基
002625,博时安怡6个月定开债券,主动定开债基
002483,富国泰利定开债券,主动定开债基
002600,易方达裕景添利6个月定开债券,主动定开债基
002603,工银瑞丰纯债半年定开债券,主动定开债基
002725,中欧强瑞多策略定开债券,主动定开债基
000728,工银目标收益,主动定开债基
002356,博时安泰18个月定开债A,主动定开债基
519941,长信富全纯债A,主动定开债基
002826,中银永利半年定开债券,主动定开债基
166902,民生加银平稳增利债券A,主动定开债基
161117,易方达永旭添利债券,主动定开债基
002641,博时安润18个月定开债A,主动定开债基
519973,长信纯债一年定开A,主动定开债基
000583,江信聚福,主动定开债基
002858,长信富平纯债1年定开债A,主动定开债基
000111,易方达纯债1年定期开放债券A,主动定开债基
002532,中欧强盈定开债券,主动定开债基
519945,长信富安纯债1年定开债A,主动定开债基
519136,海富通瑞丰1年定开债券,主动定开债基
002948,华安聚利18个月定开债A,主动定开债基
519662,银河岁岁回报A,主动定开债基
519955,长信富民纯债1年定开债券,主动定开债基
161618,融通岁岁添利债券A,主动定开债基
000005,嘉实增强信用定期债券,主动定开债基
000426,大成信用增利一年定期债A,主动定开债基
000437,融通月月添利A,主动定开债基
000239,华安年年盈定开债A,主动定开债基
003239,博时安祺1年定开债A,主动定开债基
160515,博时安丰18个月定开债A,主动定开债基
519953,长信富海纯债1年定开债券,主动定开债基
000221,汇添富年年利定期开放债券A,主动定开债基
519943,长信富泰纯债1年定开债A,主动定开债基
000113,嘉实如意宝定期债券A/B,主动定开债基
003159,万家恒瑞18个月定开债A,主动定开债基
002964,国投顺鑫1年定开债券,主动定开债基
002254,长信金葵纯债1年定开债A,主动定开债基
000503,中投稳信一年A,主动定开债基
519123,浦银季季添利A类,主动定开债基
003097,德邦德焕9个月定开债A,主动定开债基
000295,鹏华丰实定期开放债A,主动定开债基
000781,国投岁增利一年A,主动定开债基
000310,安信永利信用A,主动定开债基
001847,国寿安保尊盈1年定开债A,主动定开债基
001652,德邦纯债18个月定开债A,主动定开债基
002704,德邦纯债1年定开债A,主动定开债基
519208,万家年年恒祥定开债券A,主动定开债基
000244,天弘稳利定期开放A,主动定开债基
000202,富国目标收益两年期,主动定开债基
002570,华福长禧半年定开债券,主动定开债基
002508,华宝宝鑫纯债1年定开债A,主动定开债基
000465,景顺鑫月薪,主动定开债基
002763,大成景华1年定开债A,主动定开债基
002904,博时安仁1年定开债A,主动定开债基
002478,中欧天添18个月定开债A,主动定开债基
002830,浙商惠丰定开债券,主动定开债基
000237,国投一年定期开放债A,主动定开债基
002506,招商招盈18个月定开债券,主动定开债基
163210,诺安纯债定期开放债券A,主动定开债基
164810,工银纯债定期开放债券,主动定开债基
000931,国寿尊益信用纯债1年定开债券,主动定开债基
000026,泰达合利A,主动定开债基
002215,招商招益1年定开债券,主动定开债基
000201,诺安泰鑫一年定期开放债券A,主动定开债基
160128,南方金利A,主动定开债基
161911,万家强债,主动定开债基
001952,光大尊尚1年定开债A,主动定开债基
519160,新华安享惠金A,主动定开债基
001020,诺安裕鑫收益2年定开债券,主动定开债基
100072,富国强回报A,主动定开债基
000105,建信安心回报债券A,主动定开债基
000212,泰信鑫益定期开放A,主动定开债基
002949,华安聚利18个月定开债C,主动定开债基
000177,嘉实丰益信用定期债券A,主动定开债基
002752,博时安恒18个月定开债C,主动定开债基
001137,国投岁丰利1年定开债A,主动定开债基
000078,工银信用纯债两年定开债券A,主动定开债基
519128,浦银月月盈A,主动定开债基
003240,博时安祺1年定开债C,主动定开债基
000345,鹏华丰融定期债,主动定开债基
002859,长信富平纯债1年定开债C,主动定开债基
519121,浦银6个月A类,主动定开债基
000183,嘉实丰益策略定期债券,主动定开债基
000303,长盛双月红A,主动定开债基
000225,长盛年年收益A,主动定开债基
003200,长盛盛琪1年定开债C,主动定开债基
000247,方正富邦互利债券,主动定开债基
519209,万家年年恒祥定开债券C,主动定开债基
001035,中银恒利半年定开债券,主动定开债基
470088,汇添富6月红添利定开债A,主动定开债基
001655,大摩多元收益18个月定开债券,主动定开债基
002998,博时弘裕18个月定开债A,主动定开债基
002782,富国祥利定开债券,主动定开债基
002924,华商瑞鑫定开债券,主动定开债基
002355,国投岁赢利1年定开债券,主动定开债基
161230,国投双债丰利2年定开债A,主动定开债基
000236,工银月月薪定期支付债券A,主动定开债基
002916,中银尊享半年定开债券,主动定开债基
163827,中银产业债一年,主动定开债基
001160,东方永润18个月定开债A,主动定开债基
003094,大摩多元兴利18个月定开债券,主动定开债基
000260,信诚季季定期支付,主动定开债基
002988,平安大华鼎信定开债券,主动定开债基
002999,博时弘裕18个月定开债C,主动定开债基
519324,浦银安盛盛鑫定开债A,主动定开债基
003135,金元顺安沣楹债券,主动定开债基
003093,华商丰利增强定开债C,主动定开债基
000578,鑫元一年定期开放A,主动定开债基
000896,鑫元半年定开A,主动定开债基
003134,易方达裕鑫债C,主动定开债基
090023,大成月月盈A,主动定开债基
000791,银华双月定期债,主动定开债基
040028,华安月月鑫A,主动定开债基
040030,华安季季鑫A,主动定开债基
519051,海富通一年定开债券A,主动定开债基
000412,国开岁月鎏金定开信用债A,主动定开债基
000360,信诚年年有余A,主动定开债基
164702,汇添富季季红定期开放债券,主动定开债基
000351,国富岁岁恒丰债A,主动定开债基
161019,富国天锋,主动定开债基
000400,中融增鑫A,主动定开债基
000346,建信安心回报两年定期开放债券A,主动定开债基
290009,泰信回报,主动定开债基
002832,工银恒享纯债,主动普通债基
002750,工银泰享三年理财债券,主动普通债基
000402,工银纯债债券A,主动普通债基
001299,兴业添利债券,主动普通债基
162715,广发聚源债券A,主动普通债基
000280,博时双债增强债券A,主动普通债基
002817,招商招恒纯债债A,主动普通债基
380005,中银纯债A,主动普通债基
002486,上银慧添利债券,主动普通债基
000286,银华信用季季红债券,主动普通债基
001819,兴全稳益债券,主动普通债基
001961,博时裕荣纯债,主动普通债基
590009,中邮稳定收益债券A,主动普通债基
000015,华夏纯债债券A,主动普通债基
519322,浦银安盛盛元纯债债A,主动普通债基
000305,中银中高等级债券,主动普通债基
519985,长信纯债壹号,主动普通债基
002994,招商招裕纯债债A,主动普通债基
000563,南方通利A,主动普通债基
161820,银华纯债,主动普通债基
001575,华福稳健债券,主动普通债基
003406,南方多元债券,主动普通债基
270048,广发纯债A,主动普通债基
001960,华福瑞益纯债,主动普通债基
002336,创金合信尊享纯债,主动普通债基
270044,广发双债添利债券A,主动普通债基
002756,招商招兴纯债债A,主动普通债基
000561,南方启元债A,主动普通债基
002169,永赢稳益债券,主动普通债基
110037,易方达纯债债券A,主动普通债基
070037,嘉实纯债债券A,主动普通债基
002909,浙商惠享纯债,主动普通债基
460008,华泰柏瑞稳健A,主动普通债基
001235,中银国有企业债债券,主动普通债基
519723,交银双轮动A/B,主动普通债基
002008,博时裕晟纯债,主动普通债基
000149,华安双债添利债券A,主动普通债基
002638,兴业天融债券,主动普通债基
001776,中欧兴利债券,主动普通债基
000084,博时安盈债券A,主动普通债基
000655,鑫元稳利,主动普通债基
000205,易方达投资级信用债债券A,主动普通债基
166016,中欧纯债C,主动普通债基
002073,圆信永丰兴融债A,主动普通债基
001911,博时裕恒纯债,主动普通债基
002143,博时裕坤纯债,主动普通债基
002744,嘉实稳丰纯债,主动普通债基
050027,博时信用债纯债A,主动普通债基
000943,工银中高等级信用债债A,主动普通债基
000252,景兴信用纯债基金A,主动普通债基
002442,鑫元汇利债券,主动普通债基
002519,博时裕景纯债,主动普通债基
002188,鹏华丰华债券,主动普通债基
002198,博时裕达纯债,主动普通债基
002466,博时裕新纯债,主动普通债基
002635,融通增鑫债券,主动普通债基
002524,兴业福益债券,主动普通债基
000744,北信稳定收益A,主动普通债基
003050,农银汇理金丰1年定开债券,主动普通债基
001546,博时裕盈纯债,主动普通债基
001918,圆信永丰兴利A,主动普通债基
217003,招商债券A,主动普通债基
000032,易方达信用债债券A,主动普通债基
001369,兴业稳固收益2年理财债券,主动普通债基
002452,民生和鑫债券,主动普通债基
000694,鑫元鸿利,主动普通债基
100058,富国产业债,主动普通债基
519762,交银裕通纯债债A,主动普通债基
000147,易方达高等级信用债债券A,主动普通债基
000128,大成景安短融债券A,主动普通债基
000752,博时优势收益,主动普通债基
485119,工银信用纯债债券A,主动普通债基
002650,东方红稳添利纯债,主动普通债基
002927,长盛盛和纯债债A,主动普通债基
040026,华安信用,主动普通债基
002569,博时裕弘纯债,主动普通债基
000024,大摩双利增强债券A,主动普通债基
161603,融通债券A/B,主动普通债基
000181,景顺四季金利债A,主动普通债基
400030,东方添益债券,主动普通债基
002970,博时裕昂纯债,主动普通债基
001963,中欧天禧纯债,主动普通债基
160622,鹏华丰利债券,主动普通债基
000302,国泰淘金互联网,主动普通债基
002206,博时裕康纯债,主动普通债基
001993,博时裕泰纯债,主动普通债基
165807,东吴鼎利债券,主动普通债基
001794,华福朝阳债券,主动普通债基
002175,博时裕乾纯债A,主动普通债基
002698,博时裕利纯债,主动普通债基
000489,光大岁末红利A,主动普通债基
002868,鹏华丰茂债券,主动普通债基
001906,东方红纯债,主动普通债基
002579,融通增利债券,主动普通债基
002991,嘉实稳鑫纯债,主动普通债基
003102,长盛盛裕纯债债A,主动普通债基
002548,嘉实稳瑞纯债,主动普通债基
003099,长盛盛景纯债债A,主动普通债基
003121,信诚稳利债券型A,主动普通债基
003073,泰达宏利汇利债A,主动普通债基
003209,鹏华丰达债券,主动普通债基
003287,信诚稳益债A,主动普通债基
530021,建信纯债A,主动普通债基
000194,银华信用四季红债券,主动普通债基
001578,博时裕瑞纯债,主动普通债基
000419,摩根优质信价A,主动普通债基
550018,信诚优质纯债A,主动普通债基
000191,富国信用债A/B,主动普通债基
206018,鹏华产业债,主动普通债基
519188,万家恒A,主动普通债基
002109,博时裕丰纯债,主动普通债基
000668,国寿安保尊享A,主动普通债基
160618,鹏华丰泽,主动普通债基
002915,鑫元裕利债券,主动普通债基
000937,华商稳固添利债A,主动普通债基
519718,交银纯债A/B,主动普通债基
163907,中海惠裕纯债,主动普通债基
000122,添富实业债债券A,主动普通债基
519152,新华纯债添利A,主动普通债基
000298,中海纯债A,主动普通债基
000069,中高等级债券A,主动普通债基
519740,交银丰盈收益A,主动普通债基
002754,博时裕创纯债,主动普通债基
002438,创金合信尊盛纯债,主动普通债基
166003,中欧稳健债A,主动普通债基
002929,博时聚盈纯债,主动普通债基
000736,诺安聚利债券A,主动普通债基
162108,金鹰元盛债券型发起式,主动普通债基
002274,中邮纯债聚利债A,主动普通债基
650001,英大纯债A类,主动普通债基
000186,华泰柏瑞季季红,主动普通债基
002781,博时聚瑞纯债,主动普通债基
002337,创金合信尊盈纯债,主动普通债基
002568,博时裕发纯债,主动普通债基
002811,博时裕顺纯债,主动普通债基
002265,鑫元兴利债券,主动普通债基
002848,农银汇理纯债1年定开债券,主动普通债基
002342,融通增益债券A,主动普通债基
000187,华泰柏瑞丰盛纯债A,主动普通债基
003023,博时景发纯债,主动普通债基
003226,信诚稳健债A,主动普通债基
003056,嘉实稳泽纯债,主动普通债基
002795,平安大华惠盈纯债,主动普通债基
121013,国投瑞银纯债A,主动普通债基
100066,富国纯债A/B,主动普通债基
000152,大成景旭纯债A,主动普通债基
519743,交银丰润收益债A,主动普通债基
519758,交银丰硕收益债C,主动普通债基
002775,博时景兴纯债,主动普通债基
001055,博时产业债纯债A,主动普通债基
163003,长信利鑫债券型,主动普通债基
070009,嘉实超短债,主动普通债基
000050,长盛纯债A,主动普通债基
002341,招商招瑞纯债A,主动普通债基
002354,博时裕腾纯债,主动普通债基
002661,兴业天禧债券,主动普通债基
164210,天弘同利债券,主动普通债基
164812,工银政府债纯债,主动普通债基
002807,融通通安债券,主动普通债基
002528,泰康安益纯债债A,主动普通债基
000801,中金纯债A,主动普通债基
003098,德邦德焕9个月定开债C,主动普通债基
000319,泰达淘利债A,主动普通债基
519669,银河领先债券,主动普通债基
002554,信达澳银纯债,主动普通债基
161823,银华永兴纯债债A,主动普通债基
750002,安信目标收益A,主动普通债基
206015,鹏华纯债债券,主动普通债基
002464,创金合信尊利纯债,主动普通债基
003207,博时富发纯债,主动普通债基
000394,融通通源短融债A,主动普通债基
000997,南方双元债A,主动普通债基
620009,金元顺安丰祥债券,主动普通债基
519748,交银丰享收益债C,主动普通债基
002734,泓德裕荣纯债A,主动普通债基
519061,海富通纯债债券A,主动普通债基
519225,海富通集利纯债,主动普通债基
000053,鹏华实业债纯债债券,主动普通债基
000497,财通纯债,主动普通债基
000139,富国国有企业债A/B,主动普通债基
519749,交银丰泽收益债A,主动普通债基
000080,天治可转债A,主动普通债基
002867,新华恒稳添利债券,主动普通债基
003091,中欧强利债券,主动普通债基
003220,浙商惠利纯债,主动普通债基
002755,博时裕盛纯债,主动普通债基
002447,博时裕安纯债,主动普通债基
003259,博时聚利纯债,主动普通债基
003172,鹏华丰安债券,主动普通债基
003260,博时利发纯债,主动普通债基
002578,博时裕泉纯债,主动普通债基
519220,海富通聚利纯债,主动普通债基
000395,汇添富安心中国债券A,主动普通债基
002348,华夏鼎新债A,主动普通债基
002268,兴业丰利债券,主动普通债基
002150,博时裕和纯债,主动普通债基
002445,兴业丰泰债券,主动普通债基
003162,博时富宁纯债,主动普通债基
003214,易方达富惠纯债,主动普通债基
003313,中银睿享债券,主动普通债基
003041,鑫元得利债券,主动普通债基
002997,工银瑞享纯债,主动普通债基
003277,信诚稳瑞债A,主动普通债基
003156,招商招悦纯债债A,主动普通债基
001545,博时裕嘉纯债,主动普通债基
003163,金鹰添益纯债,主动普通债基
002930,博时聚润纯债,主动普通债基
003192,创金合信尊丰纯债,主动普通债基
003210,博时智臻纯债,主动普通债基
675041,西部利得合享债A,主动普通债基
003146,融通通优债券,主动普通债基
003280,鹏华丰恒债券,主动普通债基
003395,安信尊享纯债,主动普通债基
003285,国寿安保安康纯债,主动普通债基
002523,光大恒利纯债,主动普通债基
675053,西部利得合赢债C,主动普通债基
003178,广发景盛纯债,主动普通债基
519774,交银施罗德裕兴纯债债A,主动普通债基
003329,万家鑫安纯债债A,主动普通债基
002684,民生鑫安纯债债A,主动普通债基
002992,招商招元纯债债A,主动普通债基
003327,万家鑫Z纯债债A,主动普通债基
003268,博时悦楚纯债,主动普通债基
040040,华安纯债债券A,主动普通债基
000629,圆信永丰纯债A,主动普通债基
002674,中融融丰纯债债A,主动普通债基
001212,华润稳健债A,主动普通债基
000174,汇添富高息债债券A,主动普通债基
002283,长盛同裕纯债债A,主动普通债基
003337,南方颐元债A,主动普通债基
450018,国富恒久债A,主动普通债基
700005,平安大华添利债券A,主动普通债基
002381,东海祥瑞债A,主动普通债基
003048,民生鑫盈债A,主动普通债基
686868,浙商聚盈信用债债券A,主动普通债基
000898,华富恒稳纯债A,主动普通债基
002921,创金合信尊誉纯债,主动普通债基
002716,博时裕通纯债A,主动普通债基
002549,嘉实稳祥纯债A,主动普通债基
160810,长盛同丰债券,主动普通债基
002529,泰康安益纯债债C,主动普通债基
000104,华宸增利债券,主动普通债基
000284,信用主题纯债A,主动普通债基
000405,信诚月月支付,主动普通债基
002279,浙商惠盈纯债,主动普通债基
020029,国泰创利债券,主动普通债基
002735,泓德裕荣纯债C,主动普通债基
003278,信诚稳瑞债C,主动普通债基
003130,信诚稳利债券型C,主动普通债基
675051,西部利得合赢债A,主动普通债基
003288,信诚稳益债C,主动普通债基
003100,长盛盛景纯债债C,主动普通债基
003103,长盛盛裕纯债债C,主动普通债基
675043,西部利得合享债C,主动普通债基
003227,信诚稳健债C,主动普通债基
003173,民生鑫安纯债债C,主动普通债基
003160,万家恒瑞18个月定开债C,主动普通债基
003328,万家鑫Z纯债债C,主动普通债基
003330,万家鑫安纯债债C,主动普通债基
003074,泰达宏利汇利债C,主动普通债基
519775,交银施罗德裕兴纯债债C,主动普通债基
003157,招商招悦纯债债C,主动普通债基
002993,招商招元纯债债C,主动普通债基
003338,南方颐元债C,主动普通债基
270043,广发年年红债券,主动普通债基
000463,华商双债丰利A,主动普通债基
000184,工银添福债券A,主动普通债基
690006,民生信用A,主动普通债基
000171,易方达裕丰回报债券,主动普通债基
002551,嘉实稳泰债券,主动普通债基
003254,前海开源鼎裕债A,主动普通债基
000385,景顺景颐双利A,主动普通债基
470010,汇添富多元收益债券A,主动普通债基
000810,富国收益增强A,主动普通债基
002138,泓德裕泰债A,主动普通债基
000973,新华增盈回报债券,主动普通债基
000466,融通通瑞债券A/B,主动普通债基
001862,东方红收益增强债A,主动普通债基
002932,圆信永丰强化收益债A,主动普通债基
160915,大成景丰债券(LOF),主动普通债基
165530,信诚惠泽债券,主动普通债基
519967,长信利富债券,主动普通债基
610008,信达澳银信用债债券A,主动普通债基
002901,财通资管积极债券A,主动普通债基
002651,东方红汇利债A,主动普通债基
000118,广发聚鑫债券A,主动普通债基
233012,大摩多元收益债券A,主动普通债基
160621,鹏华丰和债券,主动普通债基
001031,华夏安康债券A,主动普通债基
380009,中银添利,主动普通债基
261002,景顺优信A,主动普通债基
002701,东方红汇阳债A,主动普通债基
519947,长信利保债券,主动普通债基
002866,新华丰盈回报债券,主动普通债基
000143,鹏华双债加利债券,主动普通债基
000287,银华永利债券A,主动普通债基
002986,泰康丰盈债券,主动普通债基
000984,民生新收益债A,主动普通债基
001920,景顺景颐宏利债A,主动普通债基
420008,天弘债券发起式A,主动普通债基
002965,中海合嘉增强收益债A,主动普通债基
350006,天治双盈,主动普通债基
002351,易方达裕祥回报债券,主动普通债基
002501,银华远景债券,主动普通债基
002693,中银合利债券,主动普通债基
001948,建信稳定丰利债A,主动普通债基
000067,民生加银转债优选A,主动普通债基
519660,银河增利A,主动普通债基
519162,新华信用增益A,主动普通债基
002971,前海开源鼎安债A,主动普通债基
000045,工银产业债A,主动普通债基
217023,信用增强,主动普通债基
253060,国联安信心增长A,主动普通债基
675011,西部稳健双利债券A,主动普通债基
000007,鹏华国企债债券,主动普通债基
400016,东方强化收益债券,主动普通债基
519933,长信利发债券,主动普通债基
519733,交银强化回报A/B,主动普通债基
000054,鹏华双债增利债券,主动普通债基
002632,鑫元双债增强债A,主动普通债基
002887,民生鑫瑞债券A,主动普通债基
002677,国投和安债A,主动普通债基
002896,东方臻馨债A,主动普通债基
002421,新华信用增强债A,主动普通债基
002749,嘉实稳盛债券,主动普通债基
519977,长信可转债A,主动普通债基
000169,泰达宏利收益增强债A,主动普通债基
002361,富兰克林国海恒瑞债A,主动普通债基
000107,富国稳健增强债A/B,主动普通债基
164814,工银双债增强债券,主动普通债基
320021,诺安双利债券发起,主动普通债基
002474,中邮睿信增强债券,主动普通债基
001257,兴业收益增强债A,主动普通债基
001086,华富恒利债A,主动普通债基
000467,信诚惠报债A,主动普通债基
001854,景顺景颐增利债A,主动普通债基
020033,国泰民安增利债券基金A,主动普通债基
001367,德邦新添利债A,主动普通债基
003133,易方达裕鑫债A,主动普通债基
002245,泰康稳健增利债A,主动普通债基
002481,银华双动力债券,主动普通债基
002065,景顺景盛双息收益债A,主动普通债基
002842,景顺景盈金利债A,主动普通债基
002843,景顺景盈金利债C,主动普通债基
000406,汇添富双利增强债券A,主动普通债基
002607,融通增裕债券,主动普通债基
002521,永赢双利债A,主动普通债基
001045,华夏可转债增强债A,主动普通债基
000338,鹏华双债保利债券,主动普通债基
000875,建信稳定得利A,主动普通债基
000435,建信稳定添利债A,主动普通债基
000306,天弘弘利债券,主动普通债基
002720,国寿安保尊利增强回报债A,主动普通债基
002636,广发集裕债A,主动普通债基
002785,中融融裕双利债券A,主动普通债基
002719,融通增祥债券,主动普通债基
519937,长信先锐债券,主动普通债基
002723,江信祺福债A,主动普通债基
020027,国泰信用债券A,主动普通债基
530020,建信转债增强债券A,主动普通债基
002738,泓德裕康债A,主动普通债基
002608,博时泰和债A,主动普通债基
400027,东方双债添利A,主动普通债基
003101,诺德天禧债券,主动普通债基
002922,融通增丰债券,主动普通债基
003236,信诚惠盈债A,主动普通债基
003176,德邦景颐债A,主动普通债基
519135,海富通瑞益债券,主动普通债基
003167,前海开源鼎瑞债A,主动普通债基
040045,华安信用增强债券,主动普通债基
162308,海富增利,主动普通债基
002470,泰达宏利多元回报债A,主动普通债基
002966,中海合嘉增强收益债C,主动普通债基
040036,华安安心收益债券A,主动普通债基
001751,华商信用增强债A,主动普通债基
003092,华商丰利增强定开债A,主动普通债基
002306,银华合利债券,主动普通债基
002765,新华双利债A,主动普通债基
002796,景顺景盈双利债A,主动普通债基
470018,添富双利债A,主动普通债基
002397,中邮增力债券,主动普通债基
000473,广发集鑫债券A,主动普通债基
001779,中融稳健添利债券,主动普通债基
001450,东方稳定增利债A,主动普通债基
000333,长城稳固收益债A,主动普通债基
519676,银河强化收益债,主动普通债基
001199,创金合信聚利债A,主动普通债基
000003,中海可转债A,主动普通债基
720002,财通稳健增长,主动普通债基
720003,财通收益增强债券,主动普通债基
000297,鹏华可转债债券,主动普通债基
710301,富安达增强收益债券A,主动普通债基
519190,万家双利债券,主动普通债基
002571,长盛同泰债A,主动普通债基
162105,金鹰持久增利债券,主动普通债基
000536,前海开源可转债债券,主动普通债基
003237,信诚惠盈债C,主动普通债基
003168,前海开源鼎瑞债C,主动普通债基
003255,前海开源鼎裕债C,主动普通债基
003177,德邦景颐债C,主动普通债基
001046,华夏可转债增强债券I,主动普通债基
485118,工银7天理财债券A,主动普通债基
485120,工银14天理财债券发起A,主动普通债基
530029,建信双月理财A,主动普通债基
530030,建信周盈理财A,主动普通债基
202305,南方理财60天A,主动普通债基
270046,广发理财30天债券A,主动普通债基
530014,建信双周理财A,主动普通债基
530028,建信月盈理财A,主动普通债基
000089,民生加银家盈理财月度A,主动普通债基
380001,中银理财14天债券A,主动普通债基
660016,农银7天理财A,主动普通债基
000808,招商招利1个月A,主动普通债基
380007,中银理财7天债券A,主动普通债基
519716,交银21天A,主动普通债基
202303,南方理财14天A,主动普通债基
485122,工银60天理财债券A,主动普通债基
000037,广发理财7天债券A,主动普通债基
519721,交银60天A,主动普通债基
380010,中银理财30天债券A,主动普通债基
110052,易方达双月利理财债券A,主动普通债基
110050,易方达月月利理财债券A,主动普通债基
360019,光大添天盈A,主动普通债基
470030,添富理财30A,主动普通债基
090021,大成月添利A,主动普通债基
471007,汇添富理财7天A,主动普通债基
690012,民生加银理财7天A,主动普通债基
000322,农银14天理财A,主动普通债基
470060,汇添富理财60A,主动普通债基
217025,招商理财7天A,主动普通债基
003002,国金及第七天理财债券,主动普通债基
001077,华夏理财21天A,主动普通债基
070035,嘉实理财宝7天债券A,主动普通债基
470014,汇添富理财14天A,主动普通债基
485107,工银添利A,主动普通债基
340009,兴全磐稳,主动普通债基
360008,光大增利A,主动普通债基
110017,易方达增强回报A,主动普通债基
160617,鹏华丰润,主动普通债基
070025,嘉实信用A,主动普通债基
200013,长城积债A,主动普通债基
530008,建信增利C,主动普通债基
270009,广发强债,主动普通债基
110035,方达双债A,主动普通债基
485105,工银强债A,主动普通债基
001001,华夏债A/B,主动普通债基
050006,博时债券B,主动普通债基
163819,中银信用增利债券,主动普通债基
166008,中欧强债A,主动普通债基
100018,富国天利,主动普通债基
630003,华商收益A,主动普通债基
253020,国联安增利A,主动普通债基
164808,工银四季,主动普通债基
162712,广发聚利,主动普通债基
270029,广发聚财A,主动普通债基
000014,华夏聚利,主动普通债基
288102,华夏稳定双利债券,主动普通债基
040009,华安收益A,主动普通债基
217022,招商产业债A,主动普通债基
164208,天弘丰利,主动普通债基
261001,景顺收益A,主动普通债基
161014,富国汇利(母),主动普通债基
001945,东方红信用债债A,主动普通债基
161010,富国天丰,主动普通债基
400009,东方稳健,主动普通债基
519186,万家稳增A,主动普通债基
410004,华富收益A,主动普通债基
164206,天弘添利债券,主动普通债基
519078,添富增收A,主动普通债基
167501,安信宝利债券,主动普通债基
040019,华安债券C,主动普通债基
163806,中银增利,主动普通债基
233005,大摩强收益,主动普通债基
166012,中欧信用增利债C,主动普通债基
217011,招商收益,主动普通债基
161713,招商信用添利债券,主动普通债基
163005,长信利众债券C,主动普通债基
121009,国投增利,主动普通债基
162215,泰达宏利聚利债券,主动普通债基
000207,建信双债增强债券A,主动普通债基
000130,大成景兴信用债A,主动普通债基
020002,国泰债券A,主动普通债基
090002,大成债A/B,主动普通债基
519680,交银增利A/B,主动普通债基
165311,建信信用增强A,主动普通债基
160602,普天债券A,主动普通债基
519023,海富债券C,主动普通债基
395001,中海债券,主动普通债基
161719,招商可转债(母),主动普通债基
070005,嘉实债券,主动普通债基
540005,汇丰增利A,主动普通债基
320004,诺安债券,主动普通债基
161505,银河通利债A,主动普通债基
000421,华泰丰汇债A,主动普通债基
660002,农银增利A,主动普通债基
000047,华夏双债债券A,主动普通债基
160217,信用互利(母),主动普通债基
161813,银华信用,主动普通债基
310378,申万添益宝A,主动普通债基
582002,东吴增利A,主动普通债基
161908,万家添利,主动普通债基
519666,银信添利B,主动普通债基
519055,海富通双利债券,主动普通债基
164606,信用增利,主动普通债基
165705,诺德双翼债券,主动普通债基
161015,富国天盈,主动普通债基
240003,宝康债券,主动普通债基
161115,易方达岁丰添利,主动普通债基
160513,博时稳健回报债券A,主动普通债基
164105,华富强债,主动普通债基
164902,交银添利,主动普通债基
161216,双债A,主动普通债基
162511,国联安双佳信用债券,主动普通债基
161716,招商双债增强债券,主动普通债基
253030,国联安增益,主动普通债基
165517,信诚双盈债券,主动普通债基
610003,澳银价值A,主动普通债基
161614,融通添利,主动普通债基
290007,泰信强债A,主动普通债基
240018,华宝转债,主动普通债基
166401,浦银稳健增利,主动普通债基
166105,信达澳银稳定增利债券,主动普通债基
660013,农银信用添利,主动普通债基
550006,信诚优债A,主动普通债基
510900,恒生中企ETF,QDII
161831,银华H股(母),QDII
070012,嘉实海外中国股票混合,QDII
000041,华夏全球,QDII
202801,南方全球,QDII
162411,华宝油气,QDII
110031,易方达恒生国企业联接,QDII
000988,嘉实全球互联网股票人民币,QDII
100061,富国中国中小盘混合QDII,QDII
000290,鹏华全球高收益债QDII人民币,QDII
513660,华夏沪港通恒生ETF,QDII
160717,嘉实恒生H股,QDII
000948,华夏沪港通恒生ETF联接,QDII
040018,华安香港精选,QDII
159920,华夏恒生ETF,QDII
002400,南方亚洲美元收益债A,QDII
002429,华安全球美元票息债C,QDII
002391,华安全球美元收益债券人民币A,QDII
000103,国泰中国企业境外高收益债券,QDII
150169,恒生A,QDII
150170,恒生B,QDII
002393,华安全球美元收益债券人民币C,QDII
002426,华安全球美元票息债A,QDII
320013,诺安全球黄金,QDII
160416,华安石油,QDII
118001,易方达亚洲精选,QDII
001691,南方香港成长灵活配置混合,QDII
160125,南方香港优选股票,QDII
164906,交银中证海外中国互联网指数,QDII
000989,嘉实全球互联网股票美元,QDII
002286,中银美元债债券人民币,QDII
501021,华宝标普香港上市中国中小盘LOF,QDII
160213,国泰100指数,QDII
161116,易方达黄金主题,QDII
164705,添富恒生,QDII
160719,嘉实黄金,QDII
501018,南方原油,QDII
457001,国富亚洲,QDII
160216,国泰商品,QDII
486001,工银全球,QDII
040021,华安大中华,QDII
162415,华宝标普美国品质消费股票人民币,QDII
519939,长信海外收益1年定开债券,QDII
513500,标普500,QDII
003046,招商中国信用机会定开债券￥,QDII
164701,添富贵金,QDII
163208,诺安油气,QDII
513030,华安龙头ETF,QDII
002467,国投全球债券QDII人民币,QDII
262001,景顺大中华混合,QDII
519601,海富通中国海外精选混合,QDII
002230,华夏大中华企业精选灵活混合,QDII
050025,博时标普500联接,QDII
000614,华安龙头ETF联接,QDII
161229,国投中国价值发现股票,QDII
320017,诺安全球收益,QDII
486002,工银全球精选,QDII
470888,汇添富香港优势精选混合,QDII
206011,鹏华美国房地产,QDII
241001,华宝海外中国成长混合,QDII
002401,南方亚洲美元收益债C,QDII
096001,大成标普500,QDII
161815,银华通胀,QDII
519696,交银环球精选价值,QDII
513100,国泰纳斯达克100,QDII
000934,国富大中华精选混合,QDII
513600,南方恒生ETF,QDII
160121,南方四国,QDII
002287,中银美元债债券美元,QDII
070031,嘉实全球房地产(QDII),QDII
080006,长盛环球景气行业大盘精选混合,QDII
050020,博时通胀,QDII
539002,建信新兴市场优选混合,QDII
163813,中银全球,QDII
519602,海富通大中华精选混合,QDII
183001,银华全球,QDII
161210,国投新兴,QDII
206006,鹏华环球发现,QDII
165513,信诚商品,QDII
161714,招商金砖,QDII
001767,华宝中国互联网股票,QDII
100055,富国全球顶级消费品混合QDII,QDII
002392,华安全球美元收益债券美元A,QDII
217015,招商全球资源,QDII
040046,华安纳斯达克100人民币,QDII
519709,交银全球自然资源,QDII
164815,工银标普全球自然资源指数,QDII
100050,富国全球债券,QDII
539001,建信全球机遇混合,QDII
161620,融通丰利四分法,QDII
460010,华泰亚洲领导企业混合,QDII
159941,广发纳斯达克100ETF,QDII
000049,中银标普全球资源等权重指数,QDII
519981,长信标普100,QDII
539003,建信全球资源混合,QDII
165510,信诚四国,QDII
118002,易方达标普消费品指数增强(QDII),QDII
000193,国泰美国房地产开发股票,QDII
000834,大成纳斯达克100,QDII
000391,招商标普高收益红利基金人民币,QDII
002427,华安全球美元票息债A美元,QDII
002423,华宝标普美国品质消费股票美元,QDII
001768,华宝中国互联网股票美元,QDII
000392,招商标普高收益红利基金美元,QDII
000393,招商标普高收益红利基金港币,QDII
001876,鹏华全球高收益债QDII美元,QDII
002402,南方亚洲美元收益债A美元现汇,QDII
002403,南方亚洲美元收益债C美元现汇,QDII
040048,华安纳斯达克100美元现汇,QDII
040047,华安纳斯达克100美元现钞,QDII
003047,招商中国信用机会定开债券$,QDII
